id,created_at,side,instrument_type,underlying,price,qty,trade_type,status,liquidation_trigger_price
27c7c895-45f9-4c0a-b695-b2d403abb3aa,2026-10-09T01:34:42.245Z,sell,swap,XAU,4168.280000000000,12.056730000000,trade,confirmed,
5862cf73-aab1-4925-b1be-4d95dd1bc499,2026-10-07T02:51:00.928Z,buy,swap,XAU,4147.070000000000,12.056730000000,trade,confirmed,
8073accb-cfb5-4185-91da-c4b3c6e90d19,2026-10-07T06:38:51.735Z,buy,swap,XAU,4132.180000000000,12.100150000000,trade,confirmed,
c7683105-b732-464b-909b-ae6db6c2031d,2026-10-07T06:40:04.599Z,sell,perpetual_rwa_future,XAU,4135.300000000000,4.276140000000,trade,confirmed,
8eec0ac9-7bbc-411d-82a1-96dd2576a3a7,2026-09-17T13:57:17.426Z,buy,perpetual_rwa_future,QQQ,715.420000000000,69.891500000000,trade,confirmed,
2254db23-75f3-40fb-a6a0-bd7e7d4cc82a,2026-09-17T13:57:22.491Z,sell,perpetual_rwa_future,US500,761.043000000000,65.699800000000,trade,confirmed,
7a3b2efa-c4d2-4ac6-91ff-e211e9daa37c,2026-09-16T06:16:30.381Z,sell,perpetual_future,BTC,75849.000000000000,0.659191000000,trade,confirmed,
2595b2e1-06f0-48cc-a887-bdc5894f013d,2026-09-16T06:16:35.845Z,sell,perpetual_future,BTC,75858.600000000000,0.659114000000,trade,confirmed,
96a036da-9081-4350-af36-b08d96b95109,2026-09-16T06:16:41.126Z,sell,perpetual_future,BTC,75862.820000000000,0.659117000000,trade,confirmed,
9b62648e-fe74-420b-9baa-5c7ea8ab459c,2026-09-16T06:16:53.838Z,buy,perpetual_future,ETH,2400.620000000000,20.828380000000,trade,confirmed,
f9a4b56b-d9bc-4721-8205-11c43485dab8,2026-09-16T06:16:57.217474Z,buy,perpetual_future,ETH,2401.020000000000,20.828030000000,trade,confirmed,
c6062cb7-a31b-46a8-82c5-33029871e30b,2026-09-16T06:17:01.402Z,buy,perpetual_future,ETH,2401.090000000000,20.823870000000,trade,confirmed,
f35cdeb3-2154-47bb-9220-cd4ed34befb7,2026-09-15T17:53:22.729Z,buy,perpetual_rwa_future,QQQ,705.625000000000,141.717900000000,trade,confirmed,
7e72209d-5c2d-481d-bdb8-15ad09da2f4e,2026-09-15T17:54:20.889Z,sell,perpetual_rwa_future,US500,757.246000000000,132.056200000000,trade,confirmed,
2fd949f0-449c-4309-af76-d4ce79d5dd62,2026-09-14T08:25:54.106Z,sell,perpetual_rwa_future,XAU,4316.000000000000,50.043200000000,trade,confirmed,
66c91f94-d5ee-4a56-9845-178b6bdb78e5,2026-09-14T08:54:14.570Z,buy,perpetual_future,ETH,2514.750000000000,20.000000000000,trade,confirmed,
c02a93f3-e684-4f24-ac33-3a36290c3c43,2026-09-14T08:54:17.964Z,buy,perpetual_future,ETH,2514.880000000000,20.000000000000,trade,confirmed,
5f74fc36-9bd6-4197-be48-63b7ccf4d6aa,2026-09-14T08:54:20.994Z,buy,perpetual_future,ETH,2514.890000000000,20.000000000000,trade,confirmed,
e9a89de8-89a9-4ae7-b321-267e6065128d,2026-09-14T08:54:24.155Z,buy,perpetual_future,ETH,2514.840000000000,20.000000000000,trade,confirmed,
b1f1603c-6b7b-4926-b0b8-471f6dbb112f,2026-09-14T08:54:27.006Z,buy,perpetual_future,ETH,2514.770000000000,20.000000000000,trade,confirmed,
05ed8215-fb43-4274-a1ea-a876a6e25452,2026-09-14T08:55:11.601Z,sell,perpetual_future,BTC,77614.750000000000,1.000000000000,trade,confirmed,
1f8a6de1-0c5f-417e-bbf6-0863417dc945,2026-09-14T08:55:19.115Z,sell,perpetual_future,BTC,77616.970000000000,1.000000000000,trade,confirmed,
51941085-ff4f-429f-9556-f2b4da9f0908,2026-09-14T08:55:22.505Z,sell,perpetual_future,BTC,77631.300000000000,1.000000000000,trade,confirmed,
b0f978bf-d92f-4e2d-a9ac-cadeec16b7ee,2026-09-14T08:55:24.921Z,sell,perpetual_future,BTC,77631.140000000000,1.000000000000,trade,confirmed,
0dae522d-250c-4da7-9c88-fd5d18902ebf,2026-09-14T08:55:27.825Z,sell,perpetual_future,BTC,77631.850000000000,1.000000000000,trade,confirmed,
e35cf046-2196-4e13-a7de-7d9f9b9bcee0,2026-09-14T08:55:43.185Z,sell,perpetual_future,BTC,77635.770000000000,0.609775000000,trade,confirmed,
3e0e9945-42a1-4ef5-b79c-e024e882df71,2026-09-14T08:56:01.109Z,buy,perpetual_future,ETH,2515.810000000000,38.771780000000,trade,confirmed,
279d0836-ce07-415f-af9b-e7240bf34b05,2026-09-14T08:57:17.506Z,sell,perpetual_future,SOL,101.338000000000,700.000000000000,trade,confirmed,
ced60518-76e4-48e7-9738-33e2ff56f66f,2026-09-14T08:57:43.099Z,sell,perpetual_rwa_future,XAU,4307.030000000000,3.974140000000,trade,confirmed,
39aacef2-0a0a-4b10-ba06-9f45ceef9520,2026-09-11T18:34:57.533Z,sell,perpetual_future,BTC,77199.250000000000,1.000000000000,trade,confirmed,
ec32f5a7-96aa-478e-a515-3bc5dcc040e8,2026-09-11T18:35:03.549Z,sell,perpetual_future,BTC,77199.450000000000,1.000000000000,trade,confirmed,
e7f5e199-7d53-4b7a-99d8-245e674ce589,2026-09-11T18:35:07.022Z,sell,perpetual_future,BTC,77190.250000000000,1.000000000000,trade,confirmed,
eb489243-18d5-495a-85be-5cc527224245,2026-09-11T18:35:30.141Z,buy,perpetual_future,ETH,2544.040000000000,20.000000000000,trade,confirmed,
d654a1dd-c4d1-4e5f-b69a-ac150da2193c,2026-09-11T18:35:32.554Z,buy,perpetual_future,ETH,2543.750000000000,20.000000000000,trade,confirmed,
270c201f-b60b-4668-b9cc-a8a4a675b271,2026-09-11T18:35:35.402Z,buy,perpetual_future,ETH,2543.080000000000,20.000000000000,trade,confirmed,
8563e2a6-1e41-43c1-9624-1183af9a9d4a,2026-09-11T18:35:38.237358Z,buy,perpetual_future,ETH,2543.570000000000,20.000000000000,trade,confirmed,
7b67be76-1b9c-48ac-816a-ad6b6caf3bbb,2026-09-11T18:35:40.638Z,buy,perpetual_future,ETH,2543.570000000000,20.000000000000,trade,confirmed,
9a97ea7c-9904-4109-9c87-b1f248589219,2026-09-11T18:36:03.902Z,buy,perpetual_future,ETH,2541.200000000000,20.000000000000,trade,confirmed,
d1bb5551-6333-4878-8ac3-73585e86d5c3,2026-09-11T18:36:07.488Z,buy,perpetual_future,ETH,2541.980000000000,20.000000000000,trade,confirmed,
37978e64-a228-4c4d-acab-adbaebe19d4c,2026-09-11T18:36:09.528Z,buy,perpetual_future,ETH,2542.130000000000,20.000000000000,trade,confirmed,
ad6ae908-ebc6-4cea-9e95-3c929702eff5,2026-09-11T18:36:11.594Z,buy,perpetual_future,ETH,2541.940000000000,20.000000000000,trade,confirmed,
812e2836-995e-4911-960f-fc781044c45b,2026-09-11T18:36:13.474Z,buy,perpetual_future,ETH,2543.630000000000,20.000000000000,trade,confirmed,
904e2a70-59e7-4bdf-9ddc-6c761b77c068,2026-09-11T18:36:25.709Z,sell,perpetual_future,BTC,77215.850000000000,1.000000000000,trade,confirmed,
9e55dcd7-f656-4e58-ad2a-e17010911a41,2026-09-11T18:36:28.735Z,sell,perpetual_future,BTC,77208.940000000000,1.000000000000,trade,confirmed,
9997c2d3-10db-4e24-8cce-78174f8a9215,2026-09-11T18:36:31.332Z,sell,perpetual_future,BTC,77207.110000000000,1.000000000000,trade,confirmed,
