rate_case,oi_points_per_m_week,lit_price_usd,program_end_points,lit_per_point,usd_per_point,gross_all_venues_oi_to_total_equity,structure,earning_fraction,gross_apr_pct
fitted_oi_drop,17.269614156180292,3,1500000,7.333333333333333,22.0,10,A,1.0,19.756438594670257
fitted_oi_drop,17.269614156180292,3,1500000,7.333333333333333,22.0,10,B,0.5,9.878219297335129
fitted_oi_drop,17.269614156180292,3,1500000,7.333333333333333,22.0,15,A,1.0,29.634657892005382
fitted_oi_drop,17.269614156180292,3,1500000,7.333333333333333,22.0,15,B,0.5,14.817328946002691
fitted_oi_drop,17.269614156180292,3,1500000,7.333333333333333,22.0,20,A,1.0,39.512877189340514
fitted_oi_drop,17.269614156180292,3,1500000,7.333333333333333,22.0,20,B,0.5,19.756438594670257
fitted_oi_drop,17.269614156180292,3,2000000,5.5,16.5,10,A,1.0,14.817328946002691
fitted_oi_drop,17.269614156180292,3,2000000,5.5,16.5,10,B,0.5,7.408664473001346
fitted_oi_drop,17.269614156180292,3,2000000,5.5,16.5,15,A,1.0,22.225993419004038
fitted_oi_drop,17.269614156180292,3,2000000,5.5,16.5,15,B,0.5,11.112996709502019
fitted_oi_drop,17.269614156180292,3,2000000,5.5,16.5,20,A,1.0,29.634657892005382
fitted_oi_drop,17.269614156180292,3,2000000,5.5,16.5,20,B,0.5,14.817328946002691
fitted_oi_drop,17.269614156180292,3,3600000,3.0555555555555554,9.166666666666666,10,A,1.0,8.231849414445938
fitted_oi_drop,17.269614156180292,3,3600000,3.0555555555555554,9.166666666666666,10,B,0.5,4.115924707222969
fitted_oi_drop,17.269614156180292,3,3600000,3.0555555555555554,9.166666666666666,15,A,1.0,12.347774121668909
fitted_oi_drop,17.269614156180292,3,3600000,3.0555555555555554,9.166666666666666,15,B,0.5,6.1738870608344545
fitted_oi_drop,17.269614156180292,3,3600000,3.0555555555555554,9.166666666666666,20,A,1.0,16.463698828891875
fitted_oi_drop,17.269614156180292,3,3600000,3.0555555555555554,9.166666666666666,20,B,0.5,8.231849414445938
fitted_oi_drop,17.269614156180292,3,5200000,2.1153846153846154,6.346153846153846,10,A,1.0,5.698972671539496
fitted_oi_drop,17.269614156180292,3,5200000,2.1153846153846154,6.346153846153846,10,B,0.5,2.849486335769748
fitted_oi_drop,17.269614156180292,3,5200000,2.1153846153846154,6.346153846153846,15,A,1.0,8.548459007309244
fitted_oi_drop,17.269614156180292,3,5200000,2.1153846153846154,6.346153846153846,15,B,0.5,4.274229503654622
fitted_oi_drop,17.269614156180292,3,5200000,2.1153846153846154,6.346153846153846,20,A,1.0,11.397945343078993
fitted_oi_drop,17.269614156180292,3,5200000,2.1153846153846154,6.346153846153846,20,B,0.5,5.698972671539496
fitted_oi_drop,17.269614156180292,4,1500000,7.333333333333333,29.333333333333332,10,A,1.0,26.341918126227004
fitted_oi_drop,17.269614156180292,4,1500000,7.333333333333333,29.333333333333332,10,B,0.5,13.170959063113502
fitted_oi_drop,17.269614156180292,4,1500000,7.333333333333333,29.333333333333332,15,A,1.0,39.51287718934051
fitted_oi_drop,17.269614156180292,4,1500000,7.333333333333333,29.333333333333332,15,B,0.5,19.756438594670254
fitted_oi_drop,17.269614156180292,4,1500000,7.333333333333333,29.333333333333332,20,A,1.0,52.68383625245401
fitted_oi_drop,17.269614156180292,4,1500000,7.333333333333333,29.333333333333332,20,B,0.5,26.341918126227004
fitted_oi_drop,17.269614156180292,4,2000000,5.5,22.0,10,A,1.0,19.756438594670257
fitted_oi_drop,17.269614156180292,4,2000000,5.5,22.0,10,B,0.5,9.878219297335129
fitted_oi_drop,17.269614156180292,4,2000000,5.5,22.0,15,A,1.0,29.634657892005382
fitted_oi_drop,17.269614156180292,4,2000000,5.5,22.0,15,B,0.5,14.817328946002691
fitted_oi_drop,17.269614156180292,4,2000000,5.5,22.0,20,A,1.0,39.512877189340514
fitted_oi_drop,17.269614156180292,4,2000000,5.5,22.0,20,B,0.5,19.756438594670257
fitted_oi_drop,17.269614156180292,4,3600000,3.0555555555555554,12.222222222222221,10,A,1.0,10.975799219261253
fitted_oi_drop,17.269614156180292,4,3600000,3.0555555555555554,12.222222222222221,10,B,0.5,5.4878996096306265
fitted_oi_drop,17.269614156180292,4,3600000,3.0555555555555554,12.222222222222221,15,A,1.0,16.463698828891875
fitted_oi_drop,17.269614156180292,4,3600000,3.0555555555555554,12.222222222222221,15,B,0.5,8.231849414445938
fitted_oi_drop,17.269614156180292,4,3600000,3.0555555555555554,12.222222222222221,20,A,1.0,21.951598438522506
fitted_oi_drop,17.269614156180292,4,3600000,3.0555555555555554,12.222222222222221,20,B,0.5,10.975799219261253
fitted_oi_drop,17.269614156180292,4,5200000,2.1153846153846154,8.461538461538462,10,A,1.0,7.598630228719329
fitted_oi_drop,17.269614156180292,4,5200000,2.1153846153846154,8.461538461538462,10,B,0.5,3.7993151143596644
fitted_oi_drop,17.269614156180292,4,5200000,2.1153846153846154,8.461538461538462,15,A,1.0,11.397945343078993
fitted_oi_drop,17.269614156180292,4,5200000,2.1153846153846154,8.461538461538462,15,B,0.5,5.698972671539496
fitted_oi_drop,17.269614156180292,4,5200000,2.1153846153846154,8.461538461538462,20,A,1.0,15.197260457438658
fitted_oi_drop,17.269614156180292,4,5200000,2.1153846153846154,8.461538461538462,20,B,0.5,7.598630228719329
fitted_oi_drop,17.269614156180292,5,1500000,7.333333333333333,36.666666666666664,10,A,1.0,32.92739765778375
fitted_oi_drop,17.269614156180292,5,1500000,7.333333333333333,36.666666666666664,10,B,0.5,16.463698828891875
fitted_oi_drop,17.269614156180292,5,1500000,7.333333333333333,36.666666666666664,15,A,1.0,49.391096486675636
fitted_oi_drop,17.269614156180292,5,1500000,7.333333333333333,36.666666666666664,15,B,0.5,24.695548243337818
fitted_oi_drop,17.269614156180292,5,1500000,7.333333333333333,36.666666666666664,20,A,1.0,65.8547953155675
fitted_oi_drop,17.269614156180292,5,1500000,7.333333333333333,36.666666666666664,20,B,0.5,32.92739765778375
fitted_oi_drop,17.269614156180292,5,2000000,5.5,27.5,10,A,1.0,24.695548243337818
fitted_oi_drop,17.269614156180292,5,2000000,5.5,27.5,10,B,0.5,12.347774121668909
fitted_oi_drop,17.269614156180292,5,2000000,5.5,27.5,15,A,1.0,37.04332236500673
fitted_oi_drop,17.269614156180292,5,2000000,5.5,27.5,15,B,0.5,18.521661182503365
fitted_oi_drop,17.269614156180292,5,2000000,5.5,27.5,20,A,1.0,49.391096486675636
fitted_oi_drop,17.269614156180292,5,2000000,5.5,27.5,20,B,0.5,24.695548243337818
fitted_oi_drop,17.269614156180292,5,3600000,3.0555555555555554,15.277777777777779,10,A,1.0,13.719749024076568
fitted_oi_drop,17.269614156180292,5,3600000,3.0555555555555554,15.277777777777779,10,B,0.5,6.859874512038284
fitted_oi_drop,17.269614156180292,5,3600000,3.0555555555555554,15.277777777777779,15,A,1.0,20.57962353611485
fitted_oi_drop,17.269614156180292,5,3600000,3.0555555555555554,15.277777777777779,15,B,0.5,10.289811768057424
fitted_oi_drop,17.269614156180292,5,3600000,3.0555555555555554,15.277777777777779,20,A,1.0,27.439498048153137
fitted_oi_drop,17.269614156180292,5,3600000,3.0555555555555554,15.277777777777779,20,B,0.5,13.719749024076568
fitted_oi_drop,17.269614156180292,5,5200000,2.1153846153846154,10.576923076923077,10,A,1.0,9.49828778589916
fitted_oi_drop,17.269614156180292,5,5200000,2.1153846153846154,10.576923076923077,10,B,0.5,4.74914389294958
fitted_oi_drop,17.269614156180292,5,5200000,2.1153846153846154,10.576923076923077,15,A,1.0,14.24743167884874
fitted_oi_drop,17.269614156180292,5,5200000,2.1153846153846154,10.576923076923077,15,B,0.5,7.12371583942437
fitted_oi_drop,17.269614156180292,5,5200000,2.1153846153846154,10.576923076923077,20,A,1.0,18.99657557179832
fitted_oi_drop,17.269614156180292,5,5200000,2.1153846153846154,10.576923076923077,20,B,0.5,9.49828778589916
live_only,5.5,3,1500000,7.333333333333333,22.0,10,A,1.0,6.292000000000001
live_only,5.5,3,1500000,7.333333333333333,22.0,10,B,0.5,3.1460000000000004
live_only,5.5,3,1500000,7.333333333333333,22.0,15,A,1.0,9.438
live_only,5.5,3,1500000,7.333333333333333,22.0,15,B,0.5,4.719
live_only,5.5,3,1500000,7.333333333333333,22.0,20,A,1.0,12.584000000000001
live_only,5.5,3,1500000,7.333333333333333,22.0,20,B,0.5,6.292000000000001
live_only,5.5,3,2000000,5.5,16.5,10,A,1.0,4.719
live_only,5.5,3,2000000,5.5,16.5,10,B,0.5,2.3595
live_only,5.5,3,2000000,5.5,16.5,15,A,1.0,7.0785
live_only,5.5,3,2000000,5.5,16.5,15,B,0.5,3.53925
live_only,5.5,3,2000000,5.5,16.5,20,A,1.0,9.438
live_only,5.5,3,2000000,5.5,16.5,20,B,0.5,4.719
live_only,5.5,3,3600000,3.0555555555555554,9.166666666666666,10,A,1.0,2.6216666666666666
live_only,5.5,3,3600000,3.0555555555555554,9.166666666666666,10,B,0.5,1.3108333333333333
live_only,5.5,3,3600000,3.0555555555555554,9.166666666666666,15,A,1.0,3.9325
live_only,5.5,3,3600000,3.0555555555555554,9.166666666666666,15,B,0.5,1.96625
live_only,5.5,3,3600000,3.0555555555555554,9.166666666666666,20,A,1.0,5.243333333333333
live_only,5.5,3,3600000,3.0555555555555554,9.166666666666666,20,B,0.5,2.6216666666666666
live_only,5.5,3,5200000,2.1153846153846154,6.346153846153846,10,A,1.0,1.815
live_only,5.5,3,5200000,2.1153846153846154,6.346153846153846,10,B,0.5,0.9075
live_only,5.5,3,5200000,2.1153846153846154,6.346153846153846,15,A,1.0,2.7225
live_only,5.5,3,5200000,2.1153846153846154,6.346153846153846,15,B,0.5,1.36125
live_only,5.5,3,5200000,2.1153846153846154,6.346153846153846,20,A,1.0,3.63
live_only,5.5,3,5200000,2.1153846153846154,6.346153846153846,20,B,0.5,1.815
live_only,5.5,4,1500000,7.333333333333333,29.333333333333332,10,A,1.0,8.389333333333333
live_only,5.5,4,1500000,7.333333333333333,29.333333333333332,10,B,0.5,4.1946666666666665
live_only,5.5,4,1500000,7.333333333333333,29.333333333333332,15,A,1.0,12.584000000000001
live_only,5.5,4,1500000,7.333333333333333,29.333333333333332,15,B,0.5,6.292000000000001
live_only,5.5,4,1500000,7.333333333333333,29.333333333333332,20,A,1.0,16.778666666666666
live_only,5.5,4,1500000,7.333333333333333,29.333333333333332,20,B,0.5,8.389333333333333
live_only,5.5,4,2000000,5.5,22.0,10,A,1.0,6.292000000000001
live_only,5.5,4,2000000,5.5,22.0,10,B,0.5,3.1460000000000004
live_only,5.5,4,2000000,5.5,22.0,15,A,1.0,9.438
live_only,5.5,4,2000000,5.5,22.0,15,B,0.5,4.719
live_only,5.5,4,2000000,5.5,22.0,20,A,1.0,12.584000000000001
live_only,5.5,4,2000000,5.5,22.0,20,B,0.5,6.292000000000001
live_only,5.5,4,3600000,3.0555555555555554,12.222222222222221,10,A,1.0,3.4955555555555553
live_only,5.5,4,3600000,3.0555555555555554,12.222222222222221,10,B,0.5,1.7477777777777777
live_only,5.5,4,3600000,3.0555555555555554,12.222222222222221,15,A,1.0,5.243333333333333
live_only,5.5,4,3600000,3.0555555555555554,12.222222222222221,15,B,0.5,2.6216666666666666
live_only,5.5,4,3600000,3.0555555555555554,12.222222222222221,20,A,1.0,6.991111111111111
live_only,5.5,4,3600000,3.0555555555555554,12.222222222222221,20,B,0.5,3.4955555555555553
live_only,5.5,4,5200000,2.1153846153846154,8.461538461538462,10,A,1.0,2.42
live_only,5.5,4,5200000,2.1153846153846154,8.461538461538462,10,B,0.5,1.21
live_only,5.5,4,5200000,2.1153846153846154,8.461538461538462,15,A,1.0,3.63
live_only,5.5,4,5200000,2.1153846153846154,8.461538461538462,15,B,0.5,1.815
live_only,5.5,4,5200000,2.1153846153846154,8.461538461538462,20,A,1.0,4.84
live_only,5.5,4,5200000,2.1153846153846154,8.461538461538462,20,B,0.5,2.42
live_only,5.5,5,1500000,7.333333333333333,36.666666666666664,10,A,1.0,10.486666666666666
live_only,5.5,5,1500000,7.333333333333333,36.666666666666664,10,B,0.5,5.243333333333333
live_only,5.5,5,1500000,7.333333333333333,36.666666666666664,15,A,1.0,15.73
live_only,5.5,5,1500000,7.333333333333333,36.666666666666664,15,B,0.5,7.865
live_only,5.5,5,1500000,7.333333333333333,36.666666666666664,20,A,1.0,20.973333333333333
live_only,5.5,5,1500000,7.333333333333333,36.666666666666664,20,B,0.5,10.486666666666666
live_only,5.5,5,2000000,5.5,27.5,10,A,1.0,7.865
live_only,5.5,5,2000000,5.5,27.5,10,B,0.5,3.9325
live_only,5.5,5,2000000,5.5,27.5,15,A,1.0,11.7975
live_only,5.5,5,2000000,5.5,27.5,15,B,0.5,5.89875
live_only,5.5,5,2000000,5.5,27.5,20,A,1.0,15.73
live_only,5.5,5,2000000,5.5,27.5,20,B,0.5,7.865
live_only,5.5,5,3600000,3.0555555555555554,15.277777777777779,10,A,1.0,4.3694444444444445
live_only,5.5,5,3600000,3.0555555555555554,15.277777777777779,10,B,0.5,2.1847222222222222
live_only,5.5,5,3600000,3.0555555555555554,15.277777777777779,15,A,1.0,6.554166666666666
live_only,5.5,5,3600000,3.0555555555555554,15.277777777777779,15,B,0.5,3.277083333333333
live_only,5.5,5,3600000,3.0555555555555554,15.277777777777779,20,A,1.0,8.738888888888889
live_only,5.5,5,3600000,3.0555555555555554,15.277777777777779,20,B,0.5,4.3694444444444445
live_only,5.5,5,5200000,2.1153846153846154,10.576923076923077,10,A,1.0,3.025
live_only,5.5,5,5200000,2.1153846153846154,10.576923076923077,10,B,0.5,1.5125
live_only,5.5,5,5200000,2.1153846153846154,10.576923076923077,15,A,1.0,4.5375
live_only,5.5,5,5200000,2.1153846153846154,10.576923076923077,15,B,0.5,2.26875
live_only,5.5,5,5200000,2.1153846153846154,10.576923076923077,20,A,1.0,6.05
live_only,5.5,5,5200000,2.1153846153846154,10.576923076923077,20,B,0.5,3.025
conditional_sensitivity_low,15.31645352804305,3,1500000,7.333333333333333,22.0,10,A,1.0,17.52202283608125
conditional_sensitivity_low,15.31645352804305,3,1500000,7.333333333333333,22.0,10,B,0.5,8.761011418040624
conditional_sensitivity_low,15.31645352804305,3,1500000,7.333333333333333,22.0,15,A,1.0,26.283034254121873
conditional_sensitivity_low,15.31645352804305,3,1500000,7.333333333333333,22.0,15,B,0.5,13.141517127060936
conditional_sensitivity_low,15.31645352804305,3,1500000,7.333333333333333,22.0,20,A,1.0,35.0440456721625
conditional_sensitivity_low,15.31645352804305,3,1500000,7.333333333333333,22.0,20,B,0.5,17.52202283608125
conditional_sensitivity_low,15.31645352804305,3,2000000,5.5,16.5,10,A,1.0,13.141517127060936
conditional_sensitivity_low,15.31645352804305,3,2000000,5.5,16.5,10,B,0.5,6.570758563530468
conditional_sensitivity_low,15.31645352804305,3,2000000,5.5,16.5,15,A,1.0,19.712275690591404
conditional_sensitivity_low,15.31645352804305,3,2000000,5.5,16.5,15,B,0.5,9.856137845295702
conditional_sensitivity_low,15.31645352804305,3,2000000,5.5,16.5,20,A,1.0,26.283034254121873
conditional_sensitivity_low,15.31645352804305,3,2000000,5.5,16.5,20,B,0.5,13.141517127060936
conditional_sensitivity_low,15.31645352804305,3,3600000,3.0555555555555554,9.166666666666666,10,A,1.0,7.3008428483671866
conditional_sensitivity_low,15.31645352804305,3,3600000,3.0555555555555554,9.166666666666666,10,B,0.5,3.6504214241835933
conditional_sensitivity_low,15.31645352804305,3,3600000,3.0555555555555554,9.166666666666666,15,A,1.0,10.95126427255078
conditional_sensitivity_low,15.31645352804305,3,3600000,3.0555555555555554,9.166666666666666,15,B,0.5,5.47563213627539
conditional_sensitivity_low,15.31645352804305,3,3600000,3.0555555555555554,9.166666666666666,20,A,1.0,14.601685696734373
conditional_sensitivity_low,15.31645352804305,3,3600000,3.0555555555555554,9.166666666666666,20,B,0.5,7.3008428483671866
conditional_sensitivity_low,15.31645352804305,3,5200000,2.1153846153846154,6.346153846153846,10,A,1.0,5.054429664254207
conditional_sensitivity_low,15.31645352804305,3,5200000,2.1153846153846154,6.346153846153846,10,B,0.5,2.5272148321271035
conditional_sensitivity_low,15.31645352804305,3,5200000,2.1153846153846154,6.346153846153846,15,A,1.0,7.581644496381309
conditional_sensitivity_low,15.31645352804305,3,5200000,2.1153846153846154,6.346153846153846,15,B,0.5,3.7908222481906546
conditional_sensitivity_low,15.31645352804305,3,5200000,2.1153846153846154,6.346153846153846,20,A,1.0,10.108859328508414
conditional_sensitivity_low,15.31645352804305,3,5200000,2.1153846153846154,6.346153846153846,20,B,0.5,5.054429664254207
conditional_sensitivity_low,15.31645352804305,4,1500000,7.333333333333333,29.333333333333332,10,A,1.0,23.362697114775003
conditional_sensitivity_low,15.31645352804305,4,1500000,7.333333333333333,29.333333333333332,10,B,0.5,11.681348557387501
conditional_sensitivity_low,15.31645352804305,4,1500000,7.333333333333333,29.333333333333332,15,A,1.0,35.0440456721625
conditional_sensitivity_low,15.31645352804305,4,1500000,7.333333333333333,29.333333333333332,15,B,0.5,17.52202283608125
conditional_sensitivity_low,15.31645352804305,4,1500000,7.333333333333333,29.333333333333332,20,A,1.0,46.725394229550005
conditional_sensitivity_low,15.31645352804305,4,1500000,7.333333333333333,29.333333333333332,20,B,0.5,23.362697114775003
conditional_sensitivity_low,15.31645352804305,4,2000000,5.5,22.0,10,A,1.0,17.52202283608125
conditional_sensitivity_low,15.31645352804305,4,2000000,5.5,22.0,10,B,0.5,8.761011418040624
conditional_sensitivity_low,15.31645352804305,4,2000000,5.5,22.0,15,A,1.0,26.283034254121873
conditional_sensitivity_low,15.31645352804305,4,2000000,5.5,22.0,15,B,0.5,13.141517127060936
conditional_sensitivity_low,15.31645352804305,4,2000000,5.5,22.0,20,A,1.0,35.0440456721625
conditional_sensitivity_low,15.31645352804305,4,2000000,5.5,22.0,20,B,0.5,17.52202283608125
conditional_sensitivity_low,15.31645352804305,4,3600000,3.0555555555555554,12.222222222222221,10,A,1.0,9.734457131156251
conditional_sensitivity_low,15.31645352804305,4,3600000,3.0555555555555554,12.222222222222221,10,B,0.5,4.8672285655781256
conditional_sensitivity_low,15.31645352804305,4,3600000,3.0555555555555554,12.222222222222221,15,A,1.0,14.601685696734373
conditional_sensitivity_low,15.31645352804305,4,3600000,3.0555555555555554,12.222222222222221,15,B,0.5,7.3008428483671866
conditional_sensitivity_low,15.31645352804305,4,3600000,3.0555555555555554,12.222222222222221,20,A,1.0,19.468914262312502
conditional_sensitivity_low,15.31645352804305,4,3600000,3.0555555555555554,12.222222222222221,20,B,0.5,9.734457131156251
conditional_sensitivity_low,15.31645352804305,4,5200000,2.1153846153846154,8.461538461538462,10,A,1.0,6.739239552338942
conditional_sensitivity_low,15.31645352804305,4,5200000,2.1153846153846154,8.461538461538462,10,B,0.5,3.369619776169471
conditional_sensitivity_low,15.31645352804305,4,5200000,2.1153846153846154,8.461538461538462,15,A,1.0,10.108859328508414
conditional_sensitivity_low,15.31645352804305,4,5200000,2.1153846153846154,8.461538461538462,15,B,0.5,5.054429664254207
conditional_sensitivity_low,15.31645352804305,4,5200000,2.1153846153846154,8.461538461538462,20,A,1.0,13.478479104677884
conditional_sensitivity_low,15.31645352804305,4,5200000,2.1153846153846154,8.461538461538462,20,B,0.5,6.739239552338942
conditional_sensitivity_low,15.31645352804305,5,1500000,7.333333333333333,36.666666666666664,10,A,1.0,29.203371393468746
conditional_sensitivity_low,15.31645352804305,5,1500000,7.333333333333333,36.666666666666664,10,B,0.5,14.601685696734373
conditional_sensitivity_low,15.31645352804305,5,1500000,7.333333333333333,36.666666666666664,15,A,1.0,43.80505709020312
conditional_sensitivity_low,15.31645352804305,5,1500000,7.333333333333333,36.666666666666664,15,B,0.5,21.90252854510156
conditional_sensitivity_low,15.31645352804305,5,1500000,7.333333333333333,36.666666666666664,20,A,1.0,58.40674278693749
conditional_sensitivity_low,15.31645352804305,5,1500000,7.333333333333333,36.666666666666664,20,B,0.5,29.203371393468746
conditional_sensitivity_low,15.31645352804305,5,2000000,5.5,27.5,10,A,1.0,21.902528545101564
conditional_sensitivity_low,15.31645352804305,5,2000000,5.5,27.5,10,B,0.5,10.951264272550782
conditional_sensitivity_low,15.31645352804305,5,2000000,5.5,27.5,15,A,1.0,32.85379281765234
conditional_sensitivity_low,15.31645352804305,5,2000000,5.5,27.5,15,B,0.5,16.42689640882617
conditional_sensitivity_low,15.31645352804305,5,2000000,5.5,27.5,20,A,1.0,43.80505709020313
conditional_sensitivity_low,15.31645352804305,5,2000000,5.5,27.5,20,B,0.5,21.902528545101564
conditional_sensitivity_low,15.31645352804305,5,3600000,3.0555555555555554,15.277777777777779,10,A,1.0,12.168071413945313
conditional_sensitivity_low,15.31645352804305,5,3600000,3.0555555555555554,15.277777777777779,10,B,0.5,6.0840357069726565
conditional_sensitivity_low,15.31645352804305,5,3600000,3.0555555555555554,15.277777777777779,15,A,1.0,18.25210712091797
conditional_sensitivity_low,15.31645352804305,5,3600000,3.0555555555555554,15.277777777777779,15,B,0.5,9.126053560458985
conditional_sensitivity_low,15.31645352804305,5,3600000,3.0555555555555554,15.277777777777779,20,A,1.0,24.336142827890626
conditional_sensitivity_low,15.31645352804305,5,3600000,3.0555555555555554,15.277777777777779,20,B,0.5,12.168071413945313
conditional_sensitivity_low,15.31645352804305,5,5200000,2.1153846153846154,10.576923076923077,10,A,1.0,8.424049440423676
conditional_sensitivity_low,15.31645352804305,5,5200000,2.1153846153846154,10.576923076923077,10,B,0.5,4.212024720211838
conditional_sensitivity_low,15.31645352804305,5,5200000,2.1153846153846154,10.576923076923077,15,A,1.0,12.636074160635516
conditional_sensitivity_low,15.31645352804305,5,5200000,2.1153846153846154,10.576923076923077,15,B,0.5,6.318037080317758
conditional_sensitivity_low,15.31645352804305,5,5200000,2.1153846153846154,10.576923076923077,20,A,1.0,16.848098880847353
conditional_sensitivity_low,15.31645352804305,5,5200000,2.1153846153846154,10.576923076923077,20,B,0.5,8.424049440423676
conditional_sensitivity_high,21.381988141553126,3,1500000,7.333333333333333,22.0,10,A,1.0,24.460994433936776
conditional_sensitivity_high,21.381988141553126,3,1500000,7.333333333333333,22.0,10,B,0.5,12.230497216968388
conditional_sensitivity_high,21.381988141553126,3,1500000,7.333333333333333,22.0,15,A,1.0,36.691491650905164
conditional_sensitivity_high,21.381988141553126,3,1500000,7.333333333333333,22.0,15,B,0.5,18.345745825452582
conditional_sensitivity_high,21.381988141553126,3,1500000,7.333333333333333,22.0,20,A,1.0,48.92198886787355
conditional_sensitivity_high,21.381988141553126,3,1500000,7.333333333333333,22.0,20,B,0.5,24.460994433936776
conditional_sensitivity_high,21.381988141553126,3,2000000,5.5,16.5,10,A,1.0,18.345745825452582
conditional_sensitivity_high,21.381988141553126,3,2000000,5.5,16.5,10,B,0.5,9.172872912726291
conditional_sensitivity_high,21.381988141553126,3,2000000,5.5,16.5,15,A,1.0,27.518618738178873
conditional_sensitivity_high,21.381988141553126,3,2000000,5.5,16.5,15,B,0.5,13.759309369089436
conditional_sensitivity_high,21.381988141553126,3,2000000,5.5,16.5,20,A,1.0,36.691491650905164
conditional_sensitivity_high,21.381988141553126,3,2000000,5.5,16.5,20,B,0.5,18.345745825452582
conditional_sensitivity_high,21.381988141553126,3,3600000,3.0555555555555554,9.166666666666666,10,A,1.0,10.192081014140323
conditional_sensitivity_high,21.381988141553126,3,3600000,3.0555555555555554,9.166666666666666,10,B,0.5,5.096040507070161
conditional_sensitivity_high,21.381988141553126,3,3600000,3.0555555555555554,9.166666666666666,15,A,1.0,15.288121521210485
conditional_sensitivity_high,21.381988141553126,3,3600000,3.0555555555555554,9.166666666666666,15,B,0.5,7.644060760605242
conditional_sensitivity_high,21.381988141553126,3,3600000,3.0555555555555554,9.166666666666666,20,A,1.0,20.384162028280645
conditional_sensitivity_high,21.381988141553126,3,3600000,3.0555555555555554,9.166666666666666,20,B,0.5,10.192081014140323
conditional_sensitivity_high,21.381988141553126,3,5200000,2.1153846153846154,6.346153846153846,10,A,1.0,7.056056086712531
conditional_sensitivity_high,21.381988141553126,3,5200000,2.1153846153846154,6.346153846153846,10,B,0.5,3.5280280433562656
conditional_sensitivity_high,21.381988141553126,3,5200000,2.1153846153846154,6.346153846153846,15,A,1.0,10.584084130068796
conditional_sensitivity_high,21.381988141553126,3,5200000,2.1153846153846154,6.346153846153846,15,B,0.5,5.292042065034398
conditional_sensitivity_high,21.381988141553126,3,5200000,2.1153846153846154,6.346153846153846,20,A,1.0,14.112112173425063
conditional_sensitivity_high,21.381988141553126,3,5200000,2.1153846153846154,6.346153846153846,20,B,0.5,7.056056086712531
conditional_sensitivity_high,21.381988141553126,4,1500000,7.333333333333333,29.333333333333332,10,A,1.0,32.61465924524904
conditional_sensitivity_high,21.381988141553126,4,1500000,7.333333333333333,29.333333333333332,10,B,0.5,16.30732962262452
conditional_sensitivity_high,21.381988141553126,4,1500000,7.333333333333333,29.333333333333332,15,A,1.0,48.921988867873544
conditional_sensitivity_high,21.381988141553126,4,1500000,7.333333333333333,29.333333333333332,15,B,0.5,24.460994433936772
conditional_sensitivity_high,21.381988141553126,4,1500000,7.333333333333333,29.333333333333332,20,A,1.0,65.22931849049807
conditional_sensitivity_high,21.381988141553126,4,1500000,7.333333333333333,29.333333333333332,20,B,0.5,32.61465924524904
conditional_sensitivity_high,21.381988141553126,4,2000000,5.5,22.0,10,A,1.0,24.460994433936776
conditional_sensitivity_high,21.381988141553126,4,2000000,5.5,22.0,10,B,0.5,12.230497216968388
conditional_sensitivity_high,21.381988141553126,4,2000000,5.5,22.0,15,A,1.0,36.691491650905164
conditional_sensitivity_high,21.381988141553126,4,2000000,5.5,22.0,15,B,0.5,18.345745825452582
conditional_sensitivity_high,21.381988141553126,4,2000000,5.5,22.0,20,A,1.0,48.92198886787355
conditional_sensitivity_high,21.381988141553126,4,2000000,5.5,22.0,20,B,0.5,24.460994433936776
conditional_sensitivity_high,21.381988141553126,4,3600000,3.0555555555555554,12.222222222222221,10,A,1.0,13.589441352187098
conditional_sensitivity_high,21.381988141553126,4,3600000,3.0555555555555554,12.222222222222221,10,B,0.5,6.794720676093549
conditional_sensitivity_high,21.381988141553126,4,3600000,3.0555555555555554,12.222222222222221,15,A,1.0,20.38416202828064
conditional_sensitivity_high,21.381988141553126,4,3600000,3.0555555555555554,12.222222222222221,15,B,0.5,10.19208101414032
conditional_sensitivity_high,21.381988141553126,4,3600000,3.0555555555555554,12.222222222222221,20,A,1.0,27.178882704374196
conditional_sensitivity_high,21.381988141553126,4,3600000,3.0555555555555554,12.222222222222221,20,B,0.5,13.589441352187098
conditional_sensitivity_high,21.381988141553126,4,5200000,2.1153846153846154,8.461538461538462,10,A,1.0,9.408074782283375
conditional_sensitivity_high,21.381988141553126,4,5200000,2.1153846153846154,8.461538461538462,10,B,0.5,4.7040373911416875
conditional_sensitivity_high,21.381988141553126,4,5200000,2.1153846153846154,8.461538461538462,15,A,1.0,14.112112173425063
conditional_sensitivity_high,21.381988141553126,4,5200000,2.1153846153846154,8.461538461538462,15,B,0.5,7.056056086712531
conditional_sensitivity_high,21.381988141553126,4,5200000,2.1153846153846154,8.461538461538462,20,A,1.0,18.81614956456675
conditional_sensitivity_high,21.381988141553126,4,5200000,2.1153846153846154,8.461538461538462,20,B,0.5,9.408074782283375
conditional_sensitivity_high,21.381988141553126,5,1500000,7.333333333333333,36.666666666666664,10,A,1.0,40.76832405656129
conditional_sensitivity_high,21.381988141553126,5,1500000,7.333333333333333,36.666666666666664,10,B,0.5,20.384162028280645
conditional_sensitivity_high,21.381988141553126,5,1500000,7.333333333333333,36.666666666666664,15,A,1.0,61.15248608484194
conditional_sensitivity_high,21.381988141553126,5,1500000,7.333333333333333,36.666666666666664,15,B,0.5,30.57624304242097
conditional_sensitivity_high,21.381988141553126,5,1500000,7.333333333333333,36.666666666666664,20,A,1.0,81.53664811312258
conditional_sensitivity_high,21.381988141553126,5,1500000,7.333333333333333,36.666666666666664,20,B,0.5,40.76832405656129
conditional_sensitivity_high,21.381988141553126,5,2000000,5.5,27.5,10,A,1.0,30.576243042420977
conditional_sensitivity_high,21.381988141553126,5,2000000,5.5,27.5,10,B,0.5,15.288121521210488
conditional_sensitivity_high,21.381988141553126,5,2000000,5.5,27.5,15,A,1.0,45.864364563631455
conditional_sensitivity_high,21.381988141553126,5,2000000,5.5,27.5,15,B,0.5,22.932182281815727
conditional_sensitivity_high,21.381988141553126,5,2000000,5.5,27.5,20,A,1.0,61.152486084841954
conditional_sensitivity_high,21.381988141553126,5,2000000,5.5,27.5,20,B,0.5,30.576243042420977
conditional_sensitivity_high,21.381988141553126,5,3600000,3.0555555555555554,15.277777777777779,10,A,1.0,16.986801690233875
conditional_sensitivity_high,21.381988141553126,5,3600000,3.0555555555555554,15.277777777777779,10,B,0.5,8.493400845116938
conditional_sensitivity_high,21.381988141553126,5,3600000,3.0555555555555554,15.277777777777779,15,A,1.0,25.480202535350806
conditional_sensitivity_high,21.381988141553126,5,3600000,3.0555555555555554,15.277777777777779,15,B,0.5,12.740101267675403
conditional_sensitivity_high,21.381988141553126,5,3600000,3.0555555555555554,15.277777777777779,20,A,1.0,33.97360338046775
conditional_sensitivity_high,21.381988141553126,5,3600000,3.0555555555555554,15.277777777777779,20,B,0.5,16.986801690233875
conditional_sensitivity_high,21.381988141553126,5,5200000,2.1153846153846154,10.576923076923077,10,A,1.0,11.76009347785422
conditional_sensitivity_high,21.381988141553126,5,5200000,2.1153846153846154,10.576923076923077,10,B,0.5,5.88004673892711
conditional_sensitivity_high,21.381988141553126,5,5200000,2.1153846153846154,10.576923076923077,15,A,1.0,17.640140216781326
conditional_sensitivity_high,21.381988141553126,5,5200000,2.1153846153846154,10.576923076923077,15,B,0.5,8.820070108390663
conditional_sensitivity_high,21.381988141553126,5,5200000,2.1153846153846154,10.576923076923077,20,A,1.0,23.52018695570844
conditional_sensitivity_high,21.381988141553126,5,5200000,2.1153846153846154,10.576923076923077,20,B,0.5,11.76009347785422
prior_scenario,15.5,3,1500000,7.333333333333333,22.0,10,A,1.0,17.732
prior_scenario,15.5,3,1500000,7.333333333333333,22.0,10,B,0.5,8.866
prior_scenario,15.5,3,1500000,7.333333333333333,22.0,15,A,1.0,26.598
prior_scenario,15.5,3,1500000,7.333333333333333,22.0,15,B,0.5,13.299
prior_scenario,15.5,3,1500000,7.333333333333333,22.0,20,A,1.0,35.464
prior_scenario,15.5,3,1500000,7.333333333333333,22.0,20,B,0.5,17.732
prior_scenario,15.5,3,2000000,5.5,16.5,10,A,1.0,13.299
prior_scenario,15.5,3,2000000,5.5,16.5,10,B,0.5,6.6495
prior_scenario,15.5,3,2000000,5.5,16.5,15,A,1.0,19.9485
prior_scenario,15.5,3,2000000,5.5,16.5,15,B,0.5,9.97425
prior_scenario,15.5,3,2000000,5.5,16.5,20,A,1.0,26.598
prior_scenario,15.5,3,2000000,5.5,16.5,20,B,0.5,13.299
prior_scenario,15.5,3,3600000,3.0555555555555554,9.166666666666666,10,A,1.0,7.388333333333333
prior_scenario,15.5,3,3600000,3.0555555555555554,9.166666666666666,10,B,0.5,3.6941666666666664
prior_scenario,15.5,3,3600000,3.0555555555555554,9.166666666666666,15,A,1.0,11.082500000000001
prior_scenario,15.5,3,3600000,3.0555555555555554,9.166666666666666,15,B,0.5,5.541250000000001
prior_scenario,15.5,3,3600000,3.0555555555555554,9.166666666666666,20,A,1.0,14.776666666666666
prior_scenario,15.5,3,3600000,3.0555555555555554,9.166666666666666,20,B,0.5,7.388333333333333
prior_scenario,15.5,3,5200000,2.1153846153846154,6.346153846153846,10,A,1.0,5.115
prior_scenario,15.5,3,5200000,2.1153846153846154,6.346153846153846,10,B,0.5,2.5575
prior_scenario,15.5,3,5200000,2.1153846153846154,6.346153846153846,15,A,1.0,7.6725
prior_scenario,15.5,3,5200000,2.1153846153846154,6.346153846153846,15,B,0.5,3.83625
prior_scenario,15.5,3,5200000,2.1153846153846154,6.346153846153846,20,A,1.0,10.23
prior_scenario,15.5,3,5200000,2.1153846153846154,6.346153846153846,20,B,0.5,5.115
prior_scenario,15.5,4,1500000,7.333333333333333,29.333333333333332,10,A,1.0,23.642666666666663
prior_scenario,15.5,4,1500000,7.333333333333333,29.333333333333332,10,B,0.5,11.821333333333332
prior_scenario,15.5,4,1500000,7.333333333333333,29.333333333333332,15,A,1.0,35.464
prior_scenario,15.5,4,1500000,7.333333333333333,29.333333333333332,15,B,0.5,17.732
prior_scenario,15.5,4,1500000,7.333333333333333,29.333333333333332,20,A,1.0,47.28533333333333
prior_scenario,15.5,4,1500000,7.333333333333333,29.333333333333332,20,B,0.5,23.642666666666663
prior_scenario,15.5,4,2000000,5.5,22.0,10,A,1.0,17.732
prior_scenario,15.5,4,2000000,5.5,22.0,10,B,0.5,8.866
prior_scenario,15.5,4,2000000,5.5,22.0,15,A,1.0,26.598
prior_scenario,15.5,4,2000000,5.5,22.0,15,B,0.5,13.299
prior_scenario,15.5,4,2000000,5.5,22.0,20,A,1.0,35.464
prior_scenario,15.5,4,2000000,5.5,22.0,20,B,0.5,17.732
prior_scenario,15.5,4,3600000,3.0555555555555554,12.222222222222221,10,A,1.0,9.851111111111111
prior_scenario,15.5,4,3600000,3.0555555555555554,12.222222222222221,10,B,0.5,4.9255555555555555
prior_scenario,15.5,4,3600000,3.0555555555555554,12.222222222222221,15,A,1.0,14.776666666666666
prior_scenario,15.5,4,3600000,3.0555555555555554,12.222222222222221,15,B,0.5,7.388333333333333
prior_scenario,15.5,4,3600000,3.0555555555555554,12.222222222222221,20,A,1.0,19.702222222222222
prior_scenario,15.5,4,3600000,3.0555555555555554,12.222222222222221,20,B,0.5,9.851111111111111
prior_scenario,15.5,4,5200000,2.1153846153846154,8.461538461538462,10,A,1.0,6.819999999999999
prior_scenario,15.5,4,5200000,2.1153846153846154,8.461538461538462,10,B,0.5,3.4099999999999997
prior_scenario,15.5,4,5200000,2.1153846153846154,8.461538461538462,15,A,1.0,10.23
prior_scenario,15.5,4,5200000,2.1153846153846154,8.461538461538462,15,B,0.5,5.115
prior_scenario,15.5,4,5200000,2.1153846153846154,8.461538461538462,20,A,1.0,13.639999999999999
prior_scenario,15.5,4,5200000,2.1153846153846154,8.461538461538462,20,B,0.5,6.819999999999999
prior_scenario,15.5,5,1500000,7.333333333333333,36.666666666666664,10,A,1.0,29.55333333333333
prior_scenario,15.5,5,1500000,7.333333333333333,36.666666666666664,10,B,0.5,14.776666666666666
prior_scenario,15.5,5,1500000,7.333333333333333,36.666666666666664,15,A,1.0,44.330000000000005
prior_scenario,15.5,5,1500000,7.333333333333333,36.666666666666664,15,B,0.5,22.165000000000003
prior_scenario,15.5,5,1500000,7.333333333333333,36.666666666666664,20,A,1.0,59.10666666666666
prior_scenario,15.5,5,1500000,7.333333333333333,36.666666666666664,20,B,0.5,29.55333333333333
prior_scenario,15.5,5,2000000,5.5,27.5,10,A,1.0,22.165000000000003
prior_scenario,15.5,5,2000000,5.5,27.5,10,B,0.5,11.082500000000001
prior_scenario,15.5,5,2000000,5.5,27.5,15,A,1.0,33.2475
prior_scenario,15.5,5,2000000,5.5,27.5,15,B,0.5,16.62375
prior_scenario,15.5,5,2000000,5.5,27.5,20,A,1.0,44.330000000000005
prior_scenario,15.5,5,2000000,5.5,27.5,20,B,0.5,22.165000000000003
prior_scenario,15.5,5,3600000,3.0555555555555554,15.277777777777779,10,A,1.0,12.31388888888889
prior_scenario,15.5,5,3600000,3.0555555555555554,15.277777777777779,10,B,0.5,6.156944444444445
prior_scenario,15.5,5,3600000,3.0555555555555554,15.277777777777779,15,A,1.0,18.470833333333335
prior_scenario,15.5,5,3600000,3.0555555555555554,15.277777777777779,15,B,0.5,9.235416666666667
prior_scenario,15.5,5,3600000,3.0555555555555554,15.277777777777779,20,A,1.0,24.62777777777778
prior_scenario,15.5,5,3600000,3.0555555555555554,15.277777777777779,20,B,0.5,12.31388888888889
prior_scenario,15.5,5,5200000,2.1153846153846154,10.576923076923077,10,A,1.0,8.525
prior_scenario,15.5,5,5200000,2.1153846153846154,10.576923076923077,10,B,0.5,4.2625
prior_scenario,15.5,5,5200000,2.1153846153846154,10.576923076923077,15,A,1.0,12.7875
prior_scenario,15.5,5,5200000,2.1153846153846154,10.576923076923077,15,B,0.5,6.39375
prior_scenario,15.5,5,5200000,2.1153846153846154,10.576923076923077,20,A,1.0,17.05
prior_scenario,15.5,5,5200000,2.1153846153846154,10.576923076923077,20,B,0.5,8.525
