account,start,end,total_point_delta,a3_referral_assumed,other_referral_assumed,own_points_conditional,explicit_fees_usd,volume_usd,spread_bp_assumed,total_cost_scenario_usd,cost_per_own_point_usd,point_denominator_identified
A1,2026-09-19 02:35:00+00:00,2026-09-27 15:00:00+00:00,257.031795,86.70894494340993,0,170.32285005659006,593.8488,2120128.266643,-0.5,487.84238666785,2.864221603300811,False
A1,2026-09-19 02:35:00+00:00,2026-09-27 15:00:00+00:00,257.031795,86.70894494340993,0,170.32285005659006,593.8488,2120128.266643,0.0,593.8488,3.486606757711562,False
A1,2026-09-19 02:35:00+00:00,2026-09-27 15:00:00+00:00,257.031795,86.70894494340993,0,170.32285005659006,593.8488,2120128.266643,0.2,636.25136533286,3.7355608194758627,False
A1,2026-09-19 02:35:00+00:00,2026-09-27 15:00:00+00:00,257.031795,86.70894494340993,0,170.32285005659006,593.8488,2120128.266643,0.5,699.85521333215,4.108991912122313,False
A1,2026-09-19 02:35:00+00:00,2026-09-27 15:00:00+00:00,257.031795,86.70894494340993,0,170.32285005659006,593.8488,2120128.266643,1.0,805.8616266642999,4.731377066533064,False
A1,2026-09-19 02:35:00+00:00,2026-09-27 15:00:00+00:00,257.031795,86.70894494340993,20,150.32285005659006,593.8488,2120128.266643,-0.5,487.84238666785,3.2452976143294143,False
A1,2026-09-19 02:35:00+00:00,2026-09-27 15:00:00+00:00,257.031795,86.70894494340993,20,150.32285005659006,593.8488,2120128.266643,0.0,593.8488,3.9504892288593623,False
A1,2026-09-19 02:35:00+00:00,2026-09-27 15:00:00+00:00,257.031795,86.70894494340993,20,150.32285005659006,593.8488,2120128.266643,0.2,636.25136533286,4.232565874671342,False
A1,2026-09-19 02:35:00+00:00,2026-09-27 15:00:00+00:00,257.031795,86.70894494340993,20,150.32285005659006,593.8488,2120128.266643,0.5,699.85521333215,4.655680843389311,False
A1,2026-09-19 02:35:00+00:00,2026-09-27 15:00:00+00:00,257.031795,86.70894494340993,20,150.32285005659006,593.8488,2120128.266643,1.0,805.8616266642999,5.360872457919258,False
A1,2026-09-19 02:35:00+00:00,2026-09-27 15:00:00+00:00,257.031795,86.70894494340993,40,130.32285005659006,593.8488,2120128.266643,-0.5,487.84238666785,3.7433373077400804,False
A1,2026-09-19 02:35:00+00:00,2026-09-27 15:00:00+00:00,257.031795,86.70894494340993,40,130.32285005659006,593.8488,2120128.266643,0.0,593.8488,4.556751174043026,False
A1,2026-09-19 02:35:00+00:00,2026-09-27 15:00:00+00:00,257.031795,86.70894494340993,40,130.32285005659006,593.8488,2120128.266643,0.2,636.25136533286,4.882116720564205,False
A1,2026-09-19 02:35:00+00:00,2026-09-27 15:00:00+00:00,257.031795,86.70894494340993,40,130.32285005659006,593.8488,2120128.266643,0.5,699.85521333215,5.370165040345972,False
A1,2026-09-19 02:35:00+00:00,2026-09-27 15:00:00+00:00,257.031795,86.70894494340993,40,130.32285005659006,593.8488,2120128.266643,1.0,805.8616266642999,6.1835789066489175,False
A2,2026-09-19 02:42:00+00:00,2026-09-27 15:00:00+00:00,17.871098,0.0,0,17.871098,42.0631,313895.564711,-0.5,26.36832176445,1.475472954401011,True
A2,2026-09-19 02:42:00+00:00,2026-09-27 15:00:00+00:00,17.871098,0.0,0,17.871098,42.0631,313895.564711,0.0,42.0631,2.353694216214359,True
A2,2026-09-19 02:42:00+00:00,2026-09-27 15:00:00+00:00,17.871098,0.0,0,17.871098,42.0631,313895.564711,0.2,48.341011294219996,2.704982720939698,True
A2,2026-09-19 02:42:00+00:00,2026-09-27 15:00:00+00:00,17.871098,0.0,0,17.871098,42.0631,313895.564711,0.5,57.757878235549995,3.2319154780277066,True
A2,2026-09-19 02:42:00+00:00,2026-09-27 15:00:00+00:00,17.871098,0.0,0,17.871098,42.0631,313895.564711,1.0,73.4526564711,4.110136739841055,True
A3,2026-09-19 03:59:00+00:00,2026-09-26 10:40:00+00:00,829.2290980000002,0.0,0,829.2290980000002,2186.1189,6778124.408248,-0.5,1847.2126795876,2.227626459373956,True
A3,2026-09-19 03:59:00+00:00,2026-09-26 10:40:00+00:00,829.2290980000002,0.0,0,829.2290980000002,2186.1189,6778124.408248,0.0,2186.1189,2.636326806756604,True
A3,2026-09-19 03:59:00+00:00,2026-09-26 10:40:00+00:00,829.2290980000002,0.0,0,829.2290980000002,2186.1189,6778124.408248,0.2,2321.68138816496,2.7998069457096637,True
A3,2026-09-19 03:59:00+00:00,2026-09-26 10:40:00+00:00,829.2290980000002,0.0,0,829.2290980000002,2186.1189,6778124.408248,0.5,2525.0251204123997,3.045027154139252,True
A3,2026-09-19 03:59:00+00:00,2026-09-26 10:40:00+00:00,829.2290980000002,0.0,0,829.2290980000002,2186.1189,6778124.408248,1.0,2863.9313408248,3.4537275015219002,True
