account,date_utc,fills,volume_usd,fees_usd,effective_fee_bp,maker_fills,maker_volume_usd,maker_fill_fraction,maker_volume_fraction,taker_volume_usd,first_fill_utc,last_fill_utc
A1,2026-09-02,2118,499272.773906,0.000000,0.000000,0,0.000000,0.000000,0.000000,499272.773906,2026-09-02T14:48:48+00:00,2026-09-02T20:01:04+00:00
A1,2026-09-03,1955,401930.919383,0.000000,0.000000,0,0.000000,0.000000,0.000000,401930.919383,2026-09-03T07:50:35+00:00,2026-09-03T17:42:21+00:00
A1,2026-09-04,248,93071.689089,0.000000,0.000000,8,3000.021031,0.032258,0.032233,90071.668058,2026-09-04T10:54:13+00:00,2026-09-04T12:32:14+00:00
A1,2026-09-05,9860,1149575.190138,0.000000,0.000000,0,0.000000,0.000000,0.000000,1149575.190138,2026-09-05T02:04:11+00:00,2026-09-05T23:59:51+00:00
A1,2026-09-06,951,61550.187187,0.000000,0.000000,23,10000.009000,0.024185,0.162469,51550.178187,2026-09-06T00:00:02+00:00,2026-09-06T07:19:04+00:00
A1,2026-09-07,5,3000.000000,0.000000,0.000000,5,3000.000000,1.000000,1.000000,0.000000,2026-09-07T15:26:28+00:00,2026-09-07T15:26:29+00:00
A1,2026-09-10,1838,200119.508394,0.000000,0.000000,0,0.000000,0.000000,0.000000,200119.508394,2026-09-10T02:54:03+00:00,2026-09-10T08:24:13+00:00
A1,2026-09-11,8089,464481.697994,90.045100,1.938615,0,0.000000,0.000000,0.000000,464481.697994,2026-09-11T04:39:24+00:00,2026-09-11T23:59:58+00:00
A1,2026-09-12,11221,435610.124606,148.746100,3.414661,0,0.000000,0.000000,0.000000,435610.124606,2026-09-12T00:00:03+00:00,2026-09-12T18:58:28+00:00
A1,2026-09-13,8392,516116.647176,176.007700,3.410231,0,0.000000,0.000000,0.000000,516116.647176,2026-09-13T09:55:14+00:00,2026-09-13T23:59:54+00:00
A1,2026-09-14,11898,858010.713137,292.604600,3.410267,0,0.000000,0.000000,0.000000,858010.713137,2026-09-14T00:00:11+00:00,2026-09-14T23:59:51+00:00
A1,2026-09-15,3677,324470.755826,108.477200,3.343204,2,9701.640000,0.000544,0.029900,314769.115826,2026-09-15T00:00:13+00:00,2026-09-15T23:59:50+00:00
A1,2026-09-16,990,512352.762715,174.712900,3.410012,0,0.000000,0.000000,0.000000,512352.762715,2026-09-16T00:00:13+00:00,2026-09-16T15:31:42+00:00
A1,2026-09-17,1910,1100757.387740,375.355500,3.409975,0,0.000000,0.000000,0.000000,1100757.387740,2026-09-17T03:06:41+00:00,2026-09-17T18:36:53+00:00
A1,2026-09-19,577,200828.851321,68.480800,3.409908,0,0.000000,0.000000,0.000000,200828.851321,2026-09-19T05:46:47+00:00,2026-09-19T13:02:45+00:00
A1,2026-09-20,23,45993.374769,7.619900,1.656739,18,36000.011932,0.782609,0.782722,9993.362837,2026-09-20T05:58:47+00:00,2026-09-20T23:26:56+00:00
A1,2026-09-21,940,518884.554844,170.048400,3.277191,40,30761.268789,0.042553,0.059283,488123.286055,2026-09-21T00:30:48+00:00,2026-09-21T15:03:32+00:00
A1,2026-09-22,145,426971.443178,60.965700,1.427864,140,377815.989997,0.965517,0.884874,49155.453181,2026-09-22T08:52:22+00:00,2026-09-22T23:38:46+00:00
A1,2026-09-23,438,246214.379045,73.596800,2.989135,35,46262.276926,0.079909,0.187894,199952.102119,2026-09-23T01:20:48+00:00,2026-09-23T14:13:08+00:00
A1,2026-09-25,2199,605678.302717,204.297200,3.373032,2,10000.021257,0.000910,0.016510,595678.281460,2026-09-25T07:25:24+00:00,2026-09-25T12:08:56+00:00
A1,2026-09-26,15,13464.360769,1.575200,1.169903,15,13464.360769,1.000000,1.000000,0.000000,2026-09-26T00:15:17+00:00,2026-09-26T01:32:25+00:00
A1,2026-09-27,50,62093.000000,7.264800,1.169987,50,62093.000000,1.000000,1.000000,0.000000,2026-09-27T08:10:45+00:00,2026-09-27T08:11:37+00:00
A2,2026-09-04,464,199962.525075,0.000000,0.000000,0,0.000000,0.000000,0.000000,199962.525075,2026-09-04T14:14:05+00:00,2026-09-04T14:48:06+00:00
A2,2026-09-11,363,73023.136649,0.000000,0.000000,7,20000.092667,0.019284,0.273887,53023.043982,2026-09-11T04:41:54+00:00,2026-09-11T15:38:00+00:00
A2,2026-09-12,201,29930.582039,8.852600,2.957711,0,0.000000,0.000000,0.000000,29930.582039,2026-09-12T02:57:33+00:00,2026-09-12T04:27:34+00:00
A2,2026-09-14,8,29938.689800,3.592700,1.200019,8,29938.689800,1.000000,1.000000,0.000000,2026-09-14T06:06:14+00:00,2026-09-14T06:06:15+00:00
A2,2026-09-15,6,51345.322952,6.161500,1.200012,6,51345.322952,1.000000,1.000000,0.000000,2026-09-15T14:47:34+00:00,2026-09-15T19:02:55+00:00
A2,2026-09-17,123,160325.945542,29.502500,1.840158,115,115696.949541,0.934959,0.721636,44628.996001,2026-09-17T02:31:28+00:00,2026-09-17T23:53:01+00:00
A2,2026-09-18,18,48752.915001,5.850400,1.200010,18,48752.915001,1.000000,1.000000,0.000000,2026-09-18T11:25:02+00:00,2026-09-18T16:07:50+00:00
A2,2026-09-19,52,55658.591457,6.678600,1.199923,52,55658.591457,1.000000,1.000000,0.000000,2026-09-19T05:47:55+00:00,2026-09-19T18:31:29+00:00
A2,2026-09-20,39,90938.146628,15.308300,1.683375,34,71827.826862,0.871795,0.789854,19110.319766,2026-09-20T01:30:01+00:00,2026-09-20T20:58:06+00:00
A2,2026-09-21,44,74323.950666,8.919200,1.200044,44,74323.950666,1.000000,1.000000,0.000000,2026-09-21T09:54:38+00:00,2026-09-21T20:34:24+00:00
A2,2026-09-22,17,57974.842560,6.957000,1.200003,17,57974.842560,1.000000,1.000000,0.000000,2026-09-22T09:32:33+00:00,2026-09-22T22:16:56+00:00
A2,2026-09-23,14,35000.033400,4.200000,1.199999,14,35000.033400,1.000000,1.000000,0.000000,2026-09-23T11:39:16+00:00,2026-09-23T11:39:41+00:00
A3,2026-09-03,16393,1136911.805281,396.333000,3.486049,0,0.000000,0.000000,0.000000,1136911.805281,2026-09-03T11:35:04+00:00,2026-09-03T23:59:58+00:00
A3,2026-09-04,30182,7033971.986478,2398.539500,3.409936,0,0.000000,0.000000,0.000000,7033971.986478,2026-09-04T00:00:05+00:00,2026-09-04T23:59:58+00:00
A3,2026-09-05,10814,3007561.426939,1016.323700,3.379228,0,0.000000,0.000000,0.000000,3007561.426939,2026-09-05T00:00:06+00:00,2026-09-05T08:12:15+00:00
A3,2026-09-06,367,3801.197847,1.263900,3.325005,0,0.000000,0.000000,0.000000,3801.197847,2026-09-06T04:29:02+00:00,2026-09-06T07:29:33+00:00
A3,2026-09-07,1750,17833.868634,5.972200,3.348797,0,0.000000,0.000000,0.000000,17833.868634,2026-09-07T09:45:26+00:00,2026-09-07T23:59:56+00:00
A3,2026-09-08,1189,12164.090557,4.077900,3.352408,0,0.000000,0.000000,0.000000,12164.090557,2026-09-08T00:00:26+00:00,2026-09-08T09:45:26+00:00
A3,2026-09-11,14350,1804855.706330,601.008000,3.329950,0,0.000000,0.000000,0.000000,1804855.706330,2026-09-11T14:04:58+00:00,2026-09-11T23:59:55+00:00
A3,2026-09-12,6589,851878.082528,283.677000,3.330019,0,0.000000,0.000000,0.000000,851878.082528,2026-09-12T00:00:01+00:00,2026-09-12T04:39:07+00:00
A3,2026-09-13,34289,4508372.687256,1501.297800,3.330022,0,0.000000,0.000000,0.000000,4508372.687256,2026-09-13T00:14:45+00:00,2026-09-13T23:59:57+00:00
A3,2026-09-14,12789,1215603.586547,404.731400,3.329469,0,0.000000,0.000000,0.000000,1215603.586547,2026-09-14T00:00:02+00:00,2026-09-14T23:59:57+00:00
A3,2026-09-15,35935,3318774.448122,1052.959300,3.172735,0,0.000000,0.000000,0.000000,3318774.448122,2026-09-15T00:00:00+00:00,2026-09-15T23:59:57+00:00
A3,2026-09-16,36220,3317878.202181,1045.125700,3.149982,0,0.000000,0.000000,0.000000,3317878.202181,2026-09-16T00:00:00+00:00,2026-09-16T23:59:57+00:00
A3,2026-09-17,23597,2179146.383338,686.452700,3.150099,0,0.000000,0.000000,0.000000,2179146.383338,2026-09-17T00:00:00+00:00,2026-09-17T15:42:04+00:00
A3,2026-09-22,34071,3746075.719332,1230.943000,3.285953,0,0.000000,0.000000,0.000000,3746075.719332,2026-09-22T04:46:52+00:00,2026-09-22T23:59:59+00:00
A3,2026-09-23,14299,1926346.321216,606.799700,3.150003,0,0.000000,0.000000,0.000000,1926346.321216,2026-09-23T00:00:01+00:00,2026-09-23T09:05:07+00:00
A3,2026-09-25,26680,832291.371745,262.225200,3.150642,0,0.000000,0.000000,0.000000,832291.371745,2026-09-25T03:28:25+00:00,2026-09-25T23:59:57+00:00
A3,2026-09-26,26313,699911.848419,220.403900,3.149024,0,0.000000,0.000000,0.000000,699911.848419,2026-09-26T00:00:00+00:00,2026-09-26T23:59:54+00:00
A3,2026-09-27,8252,208986.100109,65.881100,3.152415,0,0.000000,0.000000,0.000000,208986.100109,2026-09-27T00:00:03+00:00,2026-09-27T06:34:24+00:00
