account,window,start_inclusive_utc,end_exclusive_utc,fills,volume_usd,fees_usd,effective_fee_bp,maker_fills,maker_volume_usd,maker_fill_fraction,maker_volume_fraction,taker_volume_usd,first_fill_utc,last_fill_utc
A1,lifetime,,2026-09-27T15:00:00Z,67539,8740448.623934,1959.797900,2.242217,338,602098.599701,0.005005,0.068886,8138350.024233,2026-09-02T14:48:48+00:00,2026-09-27T08:11:37+00:00
A1,aligned_points_window,2026-09-19T02:35:00Z,2026-09-27T15:00:00Z,4387,2120128.266643,593.848800,2.801004,300,576396.929670,0.068384,0.271869,1543731.336973,2026-09-19T05:46:47+00:00,2026-09-27T08:11:37+00:00
A1,same_start_through_export,2026-09-19T02:35:00Z,2026-09-27T15:00:00Z,4387,2120128.266643,593.848800,2.801004,300,576396.929670,0.068384,0.271869,1543731.336973,2026-09-19T05:46:47+00:00,2026-09-27T08:11:37+00:00
A1,after_aligned_points_until_export,2026-09-27T15:00:00Z,2026-09-27T15:00:00Z,0,0.000000,0.000000,,0,0.000000,,,0.000000,,
A1,snapshot_interval,2026-09-18T14:12:00+00:00,2026-09-18T14:31:00+00:00,0,0.000000,0.000000,,0,0.000000,,,0.000000,,
A1,snapshot_interval,2026-09-18T14:31:00+00:00,2026-09-18T15:32:00+00:00,0,0.000000,0.000000,,0,0.000000,,,0.000000,,
A1,snapshot_interval,2026-09-18T15:32:00+00:00,2026-09-18T19:11:00+00:00,0,0.000000,0.000000,,0,0.000000,,,0.000000,,
A1,snapshot_interval,2026-09-18T19:11:00+00:00,2026-09-19T02:35:00+00:00,0,0.000000,0.000000,,0,0.000000,,,0.000000,,
A1,snapshot_interval,2026-09-19T02:35:00+00:00,2026-09-27T15:00:00+00:00,4387,2120128.266643,593.848800,2.801004,300,576396.929670,0.068384,0.271869,1543731.336973,2026-09-19T05:46:47+00:00,2026-09-27T08:11:37+00:00
A2,lifetime,,2026-09-27T15:04:00Z,1349,907174.681769,96.022800,1.058482,315,560519.214906,0.233506,0.617874,346655.466863,2026-09-04T14:14:05+00:00,2026-09-23T11:39:41+00:00
A2,aligned_points_window,2026-09-19T02:42:00Z,2026-09-27T15:00:00Z,166,313895.564711,42.063100,1.340035,161,294785.244945,0.969880,0.939119,19110.319766,2026-09-19T05:47:55+00:00,2026-09-23T11:39:41+00:00
A2,same_start_through_export,2026-09-19T02:42:00Z,2026-09-27T15:04:00Z,166,313895.564711,42.063100,1.340035,161,294785.244945,0.969880,0.939119,19110.319766,2026-09-19T05:47:55+00:00,2026-09-23T11:39:41+00:00
A2,after_aligned_points_until_export,2026-09-27T15:00:00Z,2026-09-27T15:04:00Z,0,0.000000,0.000000,,0,0.000000,,,0.000000,,
A2,snapshot_interval,2026-09-18T14:12:00+00:00,2026-09-18T14:31:00+00:00,0,0.000000,0.000000,,0,0.000000,,,0.000000,,
A2,snapshot_interval,2026-09-18T14:31:00+00:00,2026-09-18T15:33:00+00:00,0,0.000000,0.000000,,0,0.000000,,,0.000000,,
A2,snapshot_interval,2026-09-18T15:33:00+00:00,2026-09-18T19:11:00+00:00,15,15000.038072,1.800000,1.199997,15,15000.038072,1.000000,1.000000,0.000000,2026-09-18T16:07:45+00:00,2026-09-18T16:07:50+00:00
A2,snapshot_interval,2026-09-18T19:11:00+00:00,2026-09-19T02:42:00+00:00,0,0.000000,0.000000,,0,0.000000,,,0.000000,,
A2,snapshot_interval,2026-09-19T02:42:00+00:00,2026-09-27T15:00:00+00:00,166,313895.564711,42.063100,1.340035,161,294785.244945,0.969880,0.939119,19110.319766,2026-09-19T05:47:55+00:00,2026-09-23T11:39:41+00:00
A3,lifetime,,2026-09-27T10:40:00Z,334079,35822364.832859,11784.015000,3.289569,0,0.000000,0.000000,0.000000,35822364.832859,2026-09-03T11:35:04+00:00,2026-09-27T06:34:24+00:00
A3,aligned_points_window,2026-09-19T03:59:00Z,2026-09-26T10:40:00Z,84705,6778124.408248,2186.118900,3.225256,0,0.000000,0.000000,0.000000,6778124.408248,2026-09-22T04:46:52+00:00,2026-09-26T10:39:54+00:00
A3,same_start_through_export,2026-09-19T03:59:00Z,2026-09-27T10:40:00Z,109615,7413611.360821,2386.252900,3.218746,0,0.000000,0.000000,0.000000,7413611.360821,2026-09-22T04:46:52+00:00,2026-09-27T06:34:24+00:00
A3,after_aligned_points_until_export,2026-09-26T10:40:00Z,2026-09-27T10:40:00Z,24910,635486.952573,200.134000,3.149301,0,0.000000,0.000000,0.000000,635486.952573,2026-09-26T10:40:03+00:00,2026-09-27T06:34:24+00:00
A3,snapshot_interval,2026-09-19T03:03:00+00:00,2026-09-19T03:59:00+00:00,0,0.000000,0.000000,,0,0.000000,,,0.000000,,
A3,snapshot_interval,2026-09-19T03:59:00+00:00,2026-09-26T10:40:00+00:00,84705,6778124.408248,2186.118900,3.225256,0,0.000000,0.000000,0.000000,6778124.408248,2026-09-22T04:46:52+00:00,2026-09-26T10:39:54+00:00
