account,window,start_inclusive_utc,end_exclusive_utc,role,fills,volume_usd,fees_usd,effective_fee_bp,maker_fills,maker_volume_usd,maker_fill_fraction,maker_volume_fraction,taker_volume_usd,first_fill_utc,last_fill_utc
A1,lifetime,,2026-09-27T15:00:00Z,Maker,338,602098.599701,68.572400,1.138890,338,602098.599701,1.000000,1.000000,0.000000,2026-09-04T12:32:13+00:00,2026-09-27T08:11:37+00:00
A1,lifetime,,2026-09-27T15:00:00Z,Taker,67201,8138350.024233,1891.225500,2.323844,0,0.000000,0.000000,0.000000,8138350.024233,2026-09-02T14:48:48+00:00,2026-09-25T11:55:46+00:00
A1,aligned_points_window,2026-09-19T02:35:00Z,2026-09-27T15:00:00Z,Maker,300,576396.929670,67.437300,1.169980,300,576396.929670,1.000000,1.000000,0.000000,2026-09-20T05:58:47+00:00,2026-09-27T08:11:37+00:00
A1,aligned_points_window,2026-09-19T02:35:00Z,2026-09-27T15:00:00Z,Taker,4087,1543731.336973,526.411500,3.409994,0,0.000000,0.000000,0.000000,1543731.336973,2026-09-19T05:46:47+00:00,2026-09-25T11:55:46+00:00
A1,same_start_through_export,2026-09-19T02:35:00Z,2026-09-27T15:00:00Z,Maker,300,576396.929670,67.437300,1.169980,300,576396.929670,1.000000,1.000000,0.000000,2026-09-20T05:58:47+00:00,2026-09-27T08:11:37+00:00
A1,same_start_through_export,2026-09-19T02:35:00Z,2026-09-27T15:00:00Z,Taker,4087,1543731.336973,526.411500,3.409994,0,0.000000,0.000000,0.000000,1543731.336973,2026-09-19T05:46:47+00:00,2026-09-25T11:55:46+00:00
A1,snapshot_interval,2026-09-19T02:35:00+00:00,2026-09-27T15:00:00+00:00,Maker,300,576396.929670,67.437300,1.169980,300,576396.929670,1.000000,1.000000,0.000000,2026-09-20T05:58:47+00:00,2026-09-27T08:11:37+00:00
A1,snapshot_interval,2026-09-19T02:35:00+00:00,2026-09-27T15:00:00+00:00,Taker,4087,1543731.336973,526.411500,3.409994,0,0.000000,0.000000,0.000000,1543731.336973,2026-09-19T05:46:47+00:00,2026-09-25T11:55:46+00:00
A2,lifetime,,2026-09-27T15:04:00Z,Maker,315,560519.214906,64.861400,1.157166,315,560519.214906,1.000000,1.000000,0.000000,2026-09-11T14:53:59+00:00,2026-09-23T11:39:41+00:00
A2,lifetime,,2026-09-27T15:04:00Z,Taker,1034,346655.466863,31.161400,0.898916,0,0.000000,0.000000,0.000000,346655.466863,2026-09-04T14:14:05+00:00,2026-09-20T20:58:06+00:00
A2,aligned_points_window,2026-09-19T02:42:00Z,2026-09-27T15:00:00Z,Maker,161,294785.244945,35.374500,1.200009,161,294785.244945,1.000000,1.000000,0.000000,2026-09-19T05:47:55+00:00,2026-09-23T11:39:41+00:00
A2,aligned_points_window,2026-09-19T02:42:00Z,2026-09-27T15:00:00Z,Taker,5,19110.319766,6.688600,3.499994,0,0.000000,0.000000,0.000000,19110.319766,2026-09-20T04:00:19+00:00,2026-09-20T20:58:06+00:00
A2,same_start_through_export,2026-09-19T02:42:00Z,2026-09-27T15:04:00Z,Maker,161,294785.244945,35.374500,1.200009,161,294785.244945,1.000000,1.000000,0.000000,2026-09-19T05:47:55+00:00,2026-09-23T11:39:41+00:00
A2,same_start_through_export,2026-09-19T02:42:00Z,2026-09-27T15:04:00Z,Taker,5,19110.319766,6.688600,3.499994,0,0.000000,0.000000,0.000000,19110.319766,2026-09-20T04:00:19+00:00,2026-09-20T20:58:06+00:00
A2,snapshot_interval,2026-09-18T15:33:00+00:00,2026-09-18T19:11:00+00:00,Maker,15,15000.038072,1.800000,1.199997,15,15000.038072,1.000000,1.000000,0.000000,2026-09-18T16:07:45+00:00,2026-09-18T16:07:50+00:00
A2,snapshot_interval,2026-09-19T02:42:00+00:00,2026-09-27T15:00:00+00:00,Maker,161,294785.244945,35.374500,1.200009,161,294785.244945,1.000000,1.000000,0.000000,2026-09-19T05:47:55+00:00,2026-09-23T11:39:41+00:00
A2,snapshot_interval,2026-09-19T02:42:00+00:00,2026-09-27T15:00:00+00:00,Taker,5,19110.319766,6.688600,3.499994,0,0.000000,0.000000,0.000000,19110.319766,2026-09-20T04:00:19+00:00,2026-09-20T20:58:06+00:00
A3,lifetime,,2026-09-27T10:40:00Z,Taker,334079,35822364.832859,11784.015000,3.289569,0,0.000000,0.000000,0.000000,35822364.832859,2026-09-03T11:35:04+00:00,2026-09-27T06:34:24+00:00
A3,aligned_points_window,2026-09-19T03:59:00Z,2026-09-26T10:40:00Z,Taker,84705,6778124.408248,2186.118900,3.225256,0,0.000000,0.000000,0.000000,6778124.408248,2026-09-22T04:46:52+00:00,2026-09-26T10:39:54+00:00
A3,same_start_through_export,2026-09-19T03:59:00Z,2026-09-27T10:40:00Z,Taker,109615,7413611.360821,2386.252900,3.218746,0,0.000000,0.000000,0.000000,7413611.360821,2026-09-22T04:46:52+00:00,2026-09-27T06:34:24+00:00
A3,after_aligned_points_until_export,2026-09-26T10:40:00Z,2026-09-27T10:40:00Z,Taker,24910,635486.952573,200.134000,3.149301,0,0.000000,0.000000,0.000000,635486.952573,2026-09-26T10:40:03+00:00,2026-09-27T06:34:24+00:00
A3,snapshot_interval,2026-09-19T03:59:00+00:00,2026-09-26T10:40:00+00:00,Taker,84705,6778124.408248,2186.118900,3.225256,0,0.000000,0.000000,0.000000,6778124.408248,2026-09-22T04:46:52+00:00,2026-09-26T10:39:54+00:00
