account,window,start_inclusive_utc,end_exclusive_utc,assumed_signed_execution_cost_bp,fees_usd,volume_usd,assumed_spread_usd,fee_plus_assumed_spread_usd
A1,aligned_points_window,2026-09-19T02:35:00Z,2026-09-27T15:00:00Z,-0.500000,593.848800,2120128.266643,-106.006413,487.842387
A1,aligned_points_window,2026-09-19T02:35:00Z,2026-09-27T15:00:00Z,0.000000,593.848800,2120128.266643,0.000000,593.848800
A1,aligned_points_window,2026-09-19T02:35:00Z,2026-09-27T15:00:00Z,0.200000,593.848800,2120128.266643,42.402565,636.251365
A1,aligned_points_window,2026-09-19T02:35:00Z,2026-09-27T15:00:00Z,0.500000,593.848800,2120128.266643,106.006413,699.855213
A1,aligned_points_window,2026-09-19T02:35:00Z,2026-09-27T15:00:00Z,1.000000,593.848800,2120128.266643,212.012827,805.861627
A2,aligned_points_window,2026-09-19T02:42:00Z,2026-09-27T15:00:00Z,-0.500000,42.063100,313895.564711,-15.694778,26.368322
A2,aligned_points_window,2026-09-19T02:42:00Z,2026-09-27T15:00:00Z,0.000000,42.063100,313895.564711,0.000000,42.063100
A2,aligned_points_window,2026-09-19T02:42:00Z,2026-09-27T15:00:00Z,0.200000,42.063100,313895.564711,6.277911,48.341011
A2,aligned_points_window,2026-09-19T02:42:00Z,2026-09-27T15:00:00Z,0.500000,42.063100,313895.564711,15.694778,57.757878
A2,aligned_points_window,2026-09-19T02:42:00Z,2026-09-27T15:00:00Z,1.000000,42.063100,313895.564711,31.389556,73.452656
A3,aligned_points_window,2026-09-19T03:59:00Z,2026-09-26T10:40:00Z,-0.500000,2186.118900,6778124.408248,-338.906220,1847.212680
A3,aligned_points_window,2026-09-19T03:59:00Z,2026-09-26T10:40:00Z,0.000000,2186.118900,6778124.408248,0.000000,2186.118900
A3,aligned_points_window,2026-09-19T03:59:00Z,2026-09-26T10:40:00Z,0.200000,2186.118900,6778124.408248,135.562488,2321.681388
A3,aligned_points_window,2026-09-19T03:59:00Z,2026-09-26T10:40:00Z,0.500000,2186.118900,6778124.408248,338.906220,2525.025120
A3,aligned_points_window,2026-09-19T03:59:00Z,2026-09-26T10:40:00Z,1.000000,2186.118900,6778124.408248,677.812441,2863.931341
