live,rt,oi_scale,cutoff_hour,volume_coeff,oi_coeff,max_abs_residual,rmse
4.5,4.575280139919415,0.9,0.0,33.50616483849775,16.800767979562238,0.6899943323941855,0.5491020146289536
4.5,4.575280139919415,0.9,12.0,37.026288605002655,15.34704329496538,0.38039152276519417,0.3099649727805089
4.5,4.575280139919415,0.9,15.0,38.01386746314747,14.908768488353216,0.6461276857446627,0.5170139488718173
4.5,4.575280139919415,0.9,15.5,38.042456127277404,14.86493344576438,0.6477204697425822,0.5183320777672195
4.5,4.575280139919415,1.0,0.0,33.657650297274365,14.602498730537302,0.75908885625857,0.6040878898348455
4.5,4.575280139919415,1.0,12.0,37.193825071325044,13.29855058261753,0.4464644526954,0.363805010482842
4.5,4.575280139919415,1.0,15.0,38.17849880846184,12.906357248137228,0.7140910181705262,0.5713963745923817
4.5,4.575280139919415,1.0,15.5,38.206908205072295,12.867227236993328,0.7156142851286091,0.5726634506981844
4.5,4.575280139919415,1.1,0.0,33.80913575605087,12.803914799516908,0.8281833801229919,0.6590737650407383
4.5,4.575280139919415,1.1,12.0,37.361361537647284,11.622511090696571,0.5125373826255597,0.41764504818517656
4.5,4.575280139919415,1.1,15.0,38.34313015377579,11.268020778869678,0.782054350596507,0.6257788003129486
4.5,4.575280139919415,1.1,15.5,38.371360282867045,11.23274033890795,0.7835081005146733,0.6269948236291498
4.5,4.1,0.9,0.0,33.67292834583719,16.881988141553126,0.6153424231171645,0.4896935356669982
4.5,4.1,0.9,12.0,37.20291235658357,15.42268968043524,0.30605480035998767,0.24939111990013516
4.5,4.1,0.9,15.0,38.20145049587549,14.980971993718281,0.5716827296070353,0.4574451026585084
4.5,4.1,0.9,15.5,38.23015529225802,14.936927069893333,0.5732897547658578,0.45876961379428705
4.5,4.1,1.0,0.0,33.824413804613776,14.675596876329097,0.6844369469815614,0.5446794108728904
4.5,4.1,1.0,12.0,37.37044882290616,13.366632329540368,0.37212773029025037,0.30323115760246766
4.5,4.1,1.0,15.0,38.36608184118985,12.97134040296579,0.6396460620329005,0.5118275283790727
4.5,4.1,1.0,15.5,38.39460737005293,12.932021498709382,0.6411835701518775,0.5131009867252518
4.5,4.1,1.1,0.0,33.97589926339008,12.870367659327668,0.7535314708460419,0.5996652860787838
4.5,4.1,1.1,12.0,37.53798528922823,11.684403587899181,0.43820066022036386,0.35707119530480363
4.5,4.1,1.1,15.0,38.530713186503604,11.327096374168402,0.7076093944589363,0.5662099540996399
4.5,4.1,1.1,15.5,38.55905944784744,11.291644213195312,0.7090773855380093,0.5674323596562179
4.5,5.3,0.9,0.0,33.251879385446514,16.676921305801113,0.8038255588687164,0.6396896511504561
4.5,5.3,0.9,12.0,36.756967987999325,15.231695664612827,0.49374214387365356,0.40232960259956524
4.5,5.3,0.9,15.0,37.72783584134408,14.798670653601732,0.7596433445409669,0.6078461176642915
4.5,5.3,0.9,15.5,37.75624742391151,14.75515564353117,0.761214413236095,0.609154514748991
4.5,5.3,1.0,0.0,33.40336484422315,14.491036724152286,0.8729200827330974,0.6946755263563494
4.5,5.3,1.0,12.0,36.9245044543217,13.194737715300231,0.5598150738038541,0.4561696403018991
4.5,5.3,1.0,15.0,37.89246718665866,12.807269196860855,0.8276066769667736,0.6622285433848564
4.5,5.3,1.0,15.5,37.920699501706416,12.768427214983435,0.8291082286221165,0.663485887679955
4.5,5.3,1.1,0.0,33.55485030299963,12.702585702803264,0.9420146065975246,0.7496614015622424
4.5,5.3,1.1,12.0,37.092040920643754,11.528135756771785,0.6258880037339623,0.5100096780042337
4.5,5.3,1.1,15.0,38.05709853197263,11.177940732254793,0.895570009392749,0.7166109691054232
4.5,5.3,1.1,15.5,38.08515157950092,11.14292213708082,0.8970020440082465,0.717817260610921
6.9,4.575280139919415,0.9,0.0,34.233295040624604,14.037074907195908,1.0216480469435183,0.8130342156172389
6.9,4.575280139919415,0.9,12.0,37.83046364334939,12.606838586425138,0.6975415864299634,0.5683971537517117
6.9,4.575280139919415,0.9,15.0,38.80409792065566,12.1805850676565,0.9723516813890285,0.7780495923305318
6.9,4.575280139919415,0.9,15.5,38.83182610069226,12.138464836726602,0.9736107835956709,0.779122667835851
6.9,4.575280139919415,1.0,0.0,34.46557274408159,11.83880565817104,1.1275929835357257,0.8973458909329417
6.9,4.575280139919415,1.0,12.0,38.087352891710296,10.558345874077293,0.7988534123229183,0.6509518782286232
6.9,4.575280139919415,1.0,15.0,39.05653265013747,10.178173827440544,1.0765621244420824,0.8614359784353994
6.9,4.575280139919415,1.0,15.5,39.08398595331113,10.140758627955535,1.0777146338542334,0.8624307729966642
6.9,4.575280139919415,1.1,0.0,34.69785044753889,10.040221727150637,1.2335379201278407,0.9816575662486448
6.9,4.575280139919415,1.1,12.0,38.344242140070875,8.882306382156365,0.900165238215779,0.733506602705536
6.9,4.575280139919415,1.1,15.0,39.30896737961889,8.539837358173003,1.1807725674952412,0.9448223645402674
6.9,4.575280139919415,1.1,15.5,39.336145805929384,8.506271729870216,1.1818184841129629,0.9457388781574767
6.9,4.1,0.9,0.0,34.400058547964015,14.118295069186797,0.9469961376665061,0.7536257366552837
6.9,4.1,0.9,12.0,38.00708739493051,12.68248497189495,0.6232048640248138,0.5078233008713381
6.9,4.1,0.9,15.0,38.99168095338347,12.252788573021606,0.8979067252514596,0.718480746117224
6.9,4.1,0.9,15.5,39.01952526567266,12.210458460855591,0.899180068619005,0.7195602038629189
6.9,4.1,1.0,0.0,34.63233625142103,11.911903803962842,1.0529410742587046,0.8379374119709857
6.9,4.1,1.0,12.0,38.26397664329098,10.6264276210002,0.7245166899176443,0.5903780253482493
6.9,4.1,1.0,15.0,39.2441156828653,10.24315698226913,1.0021171683045083,0.8018671322220907
6.9,4.1,1.0,15.5,39.27168511829152,10.20555288967163,1.0032839188775693,0.8028683090237314
6.9,4.1,1.1,0.0,34.864613954878294,10.106674586961368,1.1588860108508303,0.9222490872866881
6.9,4.1,1.1,12.0,38.5208658916518,8.944198879358972,0.8258285158105743,0.6729327498251623
6.9,4.1,1.1,15.0,39.49655041234673,8.598912953471725,1.1063276113576652,0.8852535183269586
6.9,4.1,1.1,15.5,39.52384497091001,8.565175604157542,1.1073877691362348,0.8861764141845456
6.9,5.3,0.9,0.0,33.97900958757341,13.913228233434772,1.1354792734180368,0.9036218521387417
6.9,5.3,0.9,12.0,37.56114302634604,12.491490956072576,0.810892207538414,0.6607617835707689
6.9,5.3,0.9,15.0,38.51806629885228,12.070487232905018,1.085867340185331,0.8688817611230069
6.9,5.3,0.9,15.5,38.54561739732638,12.028687034493391,1.0871047270891765,0.8699451048176217
6.9,5.3,1.0,0.0,34.21128729103058,11.727343651785985,1.241424210010189,0.9879335274544442
6.9,5.3,1.0,12.0,37.81803227470673,10.454533006760027,0.9122040334313102,0.743316508047681
6.9,5.3,1.0,15.0,38.770501028334074,10.079085776164206,1.1900777832383902,0.9522681472278738
6.9,5.3,1.0,15.5,38.79777724994502,10.041958605945682,1.191208577347803,0.9532532099784338
6.9,5.3,1.1,0.0,34.44356499448786,9.938892630436959,1.3473691466023077,1.072245202770146
6.9,5.3,1.1,12.0,38.074921523067324,8.787931048231581,1.0135158593241744,0.825871232524593
6.9,5.3,1.1,15.0,39.022935757815745,8.449757311558116,1.2942882262914797,1.0356545333327412
6.9,5.3,1.1,15.5,39.04993710256351,8.41645352804305,1.2953124276064667,1.036561315139248
5.5,4.575280139919415,0.9,0.0,33.80913575605078,15.649229199409568,0.8281833801230221,0.659073765040739
5.5,4.575280139919415,0.9,12.0,37.3613615376474,14.205291333073562,0.5125373826255917,0.41764504818517667
5.5,4.575280139919415,0.9,15.0,38.34313015377585,13.772025396396256,0.782054350596491,0.6257788003129491
5.5,4.575280139919415,0.9,15.5,38.3713602828671,13.728904858665278,0.7835081005146538,0.6269948236291496
5.5,4.575280139919415,1.0,0.0,33.9942846501105,13.450959950384728,0.9126322426241167,0.7262787236257208
5.5,4.575280139919415,1.0,12.0,37.56612832981864,12.15679862072581,0.5932931858734616,0.4834495387102531
5.5,4.575280139919415,1.0,15.0,38.54434624249325,11.769614156180292,0.8651206457837048,0.6922462095269747
5.5,4.575280139919415,1.0,15.5,38.57235726683853,11.731198649894239,0.8664894304309385,0.693399834989219
5.5,4.575280139919415,1.1,0.0,34.179433544170685,11.652376019364324,0.997081105125071,0.7934836822106994
5.5,4.575280139919415,1.1,12.0,37.77089512199022,10.480759128804857,0.6740489891214203,0.5492540292353253
5.5,4.575280139919415,1.1,15.0,38.74556233121048,10.13127768691272,0.9481869409709613,0.7587136187409974
5.5,4.575280139919415,1.1,15.5,38.77335425080958,10.09671175180891,0.9494707603473227,0.7598048463492858
5.5,4.1,0.9,0.0,33.97589926339001,15.73044936140049,0.753531470846065,0.5996652860787829
5.5,4.1,0.9,12.0,37.53798528922833,14.280937718543417,0.4382006602203905,0.3570711953048029
5.5,4.1,0.9,15.0,38.530713186503675,13.844228901761362,0.7076093944589168,0.5662099540996397
5.5,4.1,0.9,15.5,38.55905944784749,13.800898482794267,0.709077385537995,0.5674323596562175
5.5,4.1,1.0,0.0,34.161048157450125,13.5240580961765,0.8379803333470388,0.6668702446637642
5.5,4.1,1.0,12.0,37.74275208139974,12.224880367648648,0.5189564634683084,0.42287568582987944
5.5,4.1,1.0,15.0,38.73192927522108,11.834597311008888,0.7906756896461289,0.6326773633136652
5.5,4.1,1.0,15.5,38.760056431818946,11.795992911610334,0.7920587154542691,0.6338373710162876
5.5,4.1,1.1,0.0,34.3461970515103,11.718828879175025,0.9224291958479967,0.7340752032487436
5.5,4.1,1.1,12.0,37.94751887357132,10.542651626007432,0.5997122667162653,0.48868017635495314
5.5,4.1,1.1,15.0,38.933145363938294,10.190353282211442,0.8737419848333925,0.6991447725276903
5.5,4.1,1.1,15.5,38.96105341579022,10.15561562609623,0.8750400453705929,0.7002423823763541
5.5,5.3,0.9,0.0,33.55485030299958,15.525382525648435,0.9420146065975423,0.7496614015622427
5.5,5.3,0.9,12.0,37.09204092064383,14.089943702721051,0.6258880037339853,0.5100096780042344
5.5,5.3,0.9,15.0,38.05709853197271,13.661927561644726,0.8955700093927277,0.7166109691054235
5.5,5.3,0.9,15.5,38.08515157950098,13.619127056432108,0.8970020440082305,0.7178172606109213
5.5,5.3,1.0,0.0,33.73999919705947,13.33949794399968,1.0264634690985854,0.8168663601472225
5.5,5.3,1.0,12.0,37.29680771281531,12.052985753408507,0.7066438069819192,0.5758141685293096
5.5,5.3,1.0,15.0,38.25831462068986,11.670526104903956,0.9786363045800108,0.783078378319449
5.5,5.3,1.0,15.5,38.28614856347242,11.632398627884392,0.9799833739245063,0.7842222719709893
5.5,5.3,1.1,0.0,33.92514809111965,11.551046922650643,1.1109123315995415,0.8840713187322028
5.5,5.3,1.1,12.0,37.501574504986856,10.38638379488004,0.787399610229869,0.6416186590543832
5.5,5.3,1.1,15.0,38.45953070940708,10.04119764029787,1.061702599767269,0.8495457875334724
5.5,5.3,1.1,15.5,38.4871455474437,10.006893549981736,1.06296470384083,0.8506272833310565
