account,start,end,hours,volume_m,fees,fills,oi_mweek,stock_mweek,crypto_other_mweek,fixed_sep19_marks_mweek,points,note_end,naive_live_pt_mweek,a3_oi_mweek,live_rate_if_10pct_a3
A1,2026-09-18T14:12:00+00:00,2026-09-18T14:31:00+00:00,0.31666666666666665,0.0,0.0,0,0.009798617916885462,0.007746656839380768,0.0020519610775046942,0.009963928001785404,0.040174999999976535,clean pre-drop snapshot,4.100068023955194,0.05325636683159173,2.656329258028886
A1,2026-09-18T14:31:00+00:00,2026-09-18T15:32:00+00:00,1.0166666666666666,0.0,0.0,0,0.03145872068052701,0.02487084564222247,0.006587875038304545,0.03198945305836366,308.458178,post Friday drop (drop landed between 14:31Z and 15:32Z),9805.172344180415,0.17098096719616293,6352.520501046874
A1,2026-09-18T15:32:00+00:00,2026-09-18T19:11:00+00:00,3.65,0.0,0.0,0,0.11294196441041665,0.08929041304338886,0.023651551367027797,0.11484738065215808,0.9360400000000482,no trades in window,8.287796346436817,0.6138497019009783,5.369451382513358
A1,2026-09-18T19:11:00+00:00,2026-09-19T02:35:00+00:00,7.4,0.0,0.0,0,0.22897822921563926,0.18102713877289797,0.04795109044274128,0.23284126488382734,1.9057540000000017,no trades in window; positions snapshot taken same time,8.32286111447419,1.2445172038540382,5.392168949324314
A1,2026-09-19T02:35:00+00:00,2026-09-27T15:00:00+00:00,204.41666666666666,2.120128266643,593.8488,4387,6.47046936339356,4.826193456989165,1.6442759064043964,6.379634299516486,257.031795,taken at export time; A1 DID trade during 9/19-9/27,39.72382536175008,39.64581931009199,24.63157944780481
A1,2026-09-27T15:00:00+00:00,2026-09-28T13:00:00+00:00,22.0,0.0,0.0,0,0.7886221471538344,0.5769794903452161,0.21164265680861818,0.7658153399738221,6.649492000000009,equity from account panel,8.431784504148489,4.6782635769453425,5.292291705024939
A2,2026-09-18T14:12:00+00:00,2026-09-18T14:31:00+00:00,0.31666666666666665,0.0,0.0,0,0.0003966724565348408,0.00018810741788384785,0.0002085650386509929,0.0004061975778379969,0.001184000000000296,clean pre-drop,2.984830382082004,,
A2,2026-09-18T14:31:00+00:00,2026-09-18T15:33:00+00:00,1.0333333333333334,0.0,0.0,0,0.0012944048581663224,0.0006138242057262403,0.0006805806524400822,0.0013254868329450424,15.796295,post Friday drop,12203.51955598909,,
A2,2026-09-18T15:33:00+00:00,2026-09-18T19:11:00+00:00,3.6333333333333333,0.015000038072,1.7999999999999998,15,0.004823888697528457,0.002158285110456781,0.0026656035870716768,0.004939868858224811,0.09806000000000026,window contains ONE accidental trade: ~$15000 HYPE Open Long (maker) at 2026-09-18T16:07:50Z,20.32799804237643,,
A2,2026-09-18T19:11:00+00:00,2026-09-19T02:42:00+00:00,7.516666666666667,0.0,0.0,0,0.010086884124075171,0.004465076077137651,0.00562180804693752,0.010329456089282062,0.06157400000000024,no trades in window; positions snapshot same time,6.104362778693637,,
A2,2026-09-19T02:42:00+00:00,2026-09-27T15:00:00+00:00,204.3,0.31389556471100005,42.0631,166,0.2927312491741805,0.1213589857063267,0.17137226346785375,0.29894126554833406,17.871098,taken at export time; last trade in export 2026-09-23T11:39Z,61.04950547786024,,
A2,2026-09-27T15:00:00+00:00,2026-09-28T13:00:00+00:00,22.0,0.0,0.0,0,0.03214163468745812,0.013068515347719956,0.01907311933973816,0.03274771481444053,0.1862470000000016,equity from account panel,5.794571489939695,,
A3,2026-09-19T03:03:00+00:00,2026-09-19T03:59:00+00:00,0.9333333333333333,0.0,0.0,0,0.15696613381942826,0.08674208407387382,0.07022404974555442,0.15696613381942826,0.805112999999892,,5.129214693700001,,
A3,2026-09-19T03:59:00+00:00,2026-09-26T10:40:00+00:00,174.68333333333334,6.778124408248,2186.1189,84705,33.34750171961393,16.414075065376228,16.933426654237703,33.34750171961393,829.2290980000002,taken 24h BEFORE the export timestamp (export 2026-09-27T10:40Z),24.86630347820851,,
A3,2026-09-26T10:40:00+00:00,2026-09-28T03:42:00+00:00,41.03333333333333,0.635486952573,200.13400000000001,24910,8.763502363712819,3.894476354143811,4.869026009569006,8.763502363712819,46.46559099999968,equity from account panel,5.302171331909549,,
