account,drop_date,boundary_hour,assumed_live,assumed_rt,window_delta,window_oi_mweek,window_volume_m,drop_points_residual,drop_volume_m,drop_oi_mweek,drop_stock_mweek,drop_crypto_other_mweek,drop_stock_volume_m,implied_volume_only_coefficient
A2,2026-09-18,0.0,5.0,0.0,15.796295,0.0012944048581663224,0.0,15.78982297570917,0.344563676982,0.23608068767450002,0.09979593538258875,0.13628475229191128,0.0,45.82555861375379
A2,2026-09-25,0.0,5.0,0.0,17.871098,0.2927312491741805,0.31389556471100005,16.4074417541291,0.362648479712,0.237246844877635,0.09979593538258875,0.13745090949504626,0.0,45.243376636127614
A3,2026-09-25,0.0,5.0,0.0,829.2290980000002,33.34750171961393,6.778124408248,662.4915894019306,5.672422040548001,30.612022136718586,15.7245730179796,14.887449118738987,0.207033422142,116.79166054046442
A2,2026-09-18,12.0,5.0,0.0,15.796295,0.0012944048581663224,0.0,15.78982297570917,0.32813628528899996,0.23722946932919495,0.09979593538258875,0.1374335339466062,0.0,48.119710265515366
A2,2026-09-25,12.0,5.0,0.0,17.871098,0.2927312491741805,0.31389556471100005,16.4074417541291,0.32889560278300006,0.23757877586940931,0.09979593538258875,0.13778284048682057,0.0,49.88647344414167
A3,2026-09-25,12.0,5.0,0.0,829.2290980000002,33.34750171961393,6.778124408248,662.4915894019306,6.024625516888,31.14108504663758,15.74823843725521,15.392846609382367,0.207033422142,109.9639450692594
A2,2026-09-18,15.0,5.0,0.0,15.796295,0.0012944048581663224,0.0,15.78982297570917,0.315293463899,0.2365352214166033,0.09979593538258875,0.13673928603401456,0.0,50.07976626108312
A2,2026-09-25,15.0,5.0,0.0,17.871098,0.2927312491741805,0.31389556471100005,16.4074417541291,0.32889560278300006,0.23820377646583787,0.09979593538258875,0.13840784108324913,0.0,49.88647344414167
A3,2026-09-25,15.0,5.0,0.0,829.2290980000002,33.34750171961393,6.778124408248,662.4915894019306,6.145950810453,31.278353496064657,15.754154792074111,15.524198703990546,0.207033422142,107.79318120723785
A2,2026-09-18,15.5,5.0,0.0,15.796295,0.0012944048581663224,0.0,15.78982297570917,0.315293463899,0.23645112353696046,0.09979593538258875,0.13665518815437172,0.0,50.07976626108312
A2,2026-09-25,15.5,5.0,0.0,17.871098,0.2927312491741805,0.31389556471100005,16.4074417541291,0.32889560278300006,0.2383079432319093,0.09979593538258875,0.13851200784932055,0.0,49.88647344414167
A3,2026-09-25,15.5,5.0,0.0,829.2290980000002,33.34750171961393,6.778124408248,662.4915894019306,6.165813919675,31.301417841191743,15.755140851210594,15.546276989981148,0.207033422142,107.44592652852074
A2,2026-09-18,0.0,5.0,4.574203949143591,15.796295,0.0012944048581663224,0.0,15.78982297570917,0.344563676982,0.23608068767450002,0.09979593538258875,0.13628475229191128,0.0,45.82555861375379
A2,2026-09-25,0.0,5.0,4.574203949143591,17.871098,0.2927312491741805,0.31389556471100005,14.971619422409384,0.362648479712,0.237246844877635,0.09979593538258875,0.13745090949504626,0.0,41.28410915799015
A3,2026-09-25,0.0,5.0,4.574203949143591,829.2290980000002,33.34750171961393,6.778124408248,631.487065965936,5.672422040548001,30.612022136718586,15.7245730179796,14.887449118738987,0.207033422142,111.32582545020388
A2,2026-09-18,12.0,5.0,4.574203949143591,15.796295,0.0012944048581663224,0.0,15.78982297570917,0.32813628528899996,0.23722946932919495,0.09979593538258875,0.1374335339466062,0.0,48.119710265515366
A2,2026-09-25,12.0,5.0,4.574203949143591,17.871098,0.2927312491741805,0.31389556471100005,14.971619422409384,0.32889560278300006,0.23757877586940931,0.09979593538258875,0.13778284048682057,0.0,45.52088655404558
A3,2026-09-25,12.0,5.0,4.574203949143591,829.2290980000002,33.34750171961393,6.778124408248,631.487065965936,6.024625516888,31.14108504663758,15.74823843725521,15.392846609382367,0.207033422142,104.81764620817934
A2,2026-09-18,15.0,5.0,4.574203949143591,15.796295,0.0012944048581663224,0.0,15.78982297570917,0.315293463899,0.2365352214166033,0.09979593538258875,0.13673928603401456,0.0,50.07976626108312
A2,2026-09-25,15.0,5.0,4.574203949143591,17.871098,0.2927312491741805,0.31389556471100005,14.971619422409384,0.32889560278300006,0.23820377646583787,0.09979593538258875,0.13840784108324913,0.0,45.52088655404558
A3,2026-09-25,15.0,5.0,4.574203949143591,829.2290980000002,33.34750171961393,6.778124408248,631.487065965936,6.145950810453,31.278353496064657,15.754154792074111,15.524198703990546,0.207033422142,102.74847382310745
A2,2026-09-18,15.5,5.0,4.574203949143591,15.796295,0.0012944048581663224,0.0,15.78982297570917,0.315293463899,0.23645112353696046,0.09979593538258875,0.13665518815437172,0.0,50.07976626108312
A2,2026-09-25,15.5,5.0,4.574203949143591,17.871098,0.2927312491741805,0.31389556471100005,14.971619422409384,0.32889560278300006,0.2383079432319093,0.09979593538258875,0.13851200784932055,0.0,45.52088655404558
A3,2026-09-25,15.5,5.0,4.574203949143591,829.2290980000002,33.34750171961393,6.778124408248,631.487065965936,6.165813919675,31.301417841191743,15.755140851210594,15.546276989981148,0.207033422142,102.41747061987587
A2,2026-09-18,0.0,5.0,5.5,15.796295,0.0012944048581663224,0.0,15.78982297570917,0.344563676982,0.23608068767450002,0.09979593538258875,0.13628475229191128,0.0,45.82555861375379
A2,2026-09-25,0.0,5.0,5.5,17.871098,0.2927312491741805,0.31389556471100005,14.6810161482186,0.362648479712,0.237246844877635,0.09979593538258875,0.13745090949504626,0.0,40.48277317990589
A3,2026-09-25,0.0,5.0,5.5,829.2290980000002,33.34750171961393,6.778124408248,625.2119051565666,5.672422040548001,30.612022136718586,15.7245730179796,14.887449118738987,0.207033422142,110.2195677062432
A2,2026-09-18,12.0,5.0,5.5,15.796295,0.0012944048581663224,0.0,15.78982297570917,0.32813628528899996,0.23722946932919495,0.09979593538258875,0.1374335339466062,0.0,48.119710265515366
A2,2026-09-25,12.0,5.0,5.5,17.871098,0.2927312491741805,0.31389556471100005,14.6810161482186,0.32889560278300006,0.23757877586940931,0.09979593538258875,0.13778284048682057,0.0,44.63731355479658
A3,2026-09-25,12.0,5.0,5.5,829.2290980000002,33.34750171961393,6.778124408248,625.2119051565666,6.024625516888,31.14108504663758,15.74823843725521,15.392846609382367,0.207033422142,103.77606100229738
A2,2026-09-18,15.0,5.0,5.5,15.796295,0.0012944048581663224,0.0,15.78982297570917,0.315293463899,0.2365352214166033,0.09979593538258875,0.13673928603401456,0.0,50.07976626108312
A2,2026-09-25,15.0,5.0,5.5,17.871098,0.2927312491741805,0.31389556471100005,14.6810161482186,0.32889560278300006,0.23820377646583787,0.09979593538258875,0.13840784108324913,0.0,44.63731355479658
A3,2026-09-25,15.0,5.0,5.5,829.2290980000002,33.34750171961393,6.778124408248,625.2119051565666,6.145950810453,31.278353496064657,15.754154792074111,15.524198703990546,0.207033422142,101.72745022514816
A2,2026-09-18,15.5,5.0,5.5,15.796295,0.0012944048581663224,0.0,15.78982297570917,0.315293463899,0.23645112353696046,0.09979593538258875,0.13665518815437172,0.0,50.07976626108312
A2,2026-09-25,15.5,5.0,5.5,17.871098,0.2927312491741805,0.31389556471100005,14.6810161482186,0.32889560278300006,0.2383079432319093,0.09979593538258875,0.13851200784932055,0.0,44.63731355479658
A3,2026-09-25,15.5,5.0,5.5,829.2290980000002,33.34750171961393,6.778124408248,625.2119051565666,6.165813919675,31.301417841191743,15.755140851210594,15.546276989981148,0.207033422142,101.39973623944873
A2,2026-09-18,0.0,5.5,0.0,15.796295,0.0012944048581663224,0.0,15.789175773280085,0.344563676982,0.23608068767450002,0.09979593538258875,0.13628475229191128,0.0,45.8236802891586
A2,2026-09-25,0.0,5.5,0.0,17.871098,0.2927312491741805,0.31389556471100005,16.26107612954201,0.362648479712,0.237246844877635,0.09979593538258875,0.13745090949504626,0.0,44.83977471091528
A3,2026-09-25,0.0,5.5,0.0,829.2290980000002,33.34750171961393,6.778124408248,645.8178385421236,5.672422040548001,30.612022136718586,15.7245730179796,14.887449118738987,0.207033422142,113.85221937395414
A2,2026-09-18,12.0,5.5,0.0,15.796295,0.0012944048581663224,0.0,15.789175773280085,0.32813628528899996,0.23722946932919495,0.09979593538258875,0.1374335339466062,0.0,48.117737906900665
A2,2026-09-25,12.0,5.5,0.0,17.871098,0.2927312491741805,0.31389556471100005,16.26107612954201,0.32889560278300006,0.23757877586940931,0.09979593538258875,0.13778284048682057,0.0,49.44145191345352
A3,2026-09-25,12.0,5.5,0.0,829.2290980000002,33.34750171961393,6.778124408248,645.8178385421236,6.024625516888,31.14108504663758,15.74823843725521,15.392846609382367,0.207033422142,107.19634552086129
A2,2026-09-18,15.0,5.5,0.0,15.796295,0.0012944048581663224,0.0,15.789175773280085,0.315293463899,0.2365352214166033,0.09979593538258875,0.13673928603401456,0.0,50.0777135625556
A2,2026-09-25,15.0,5.5,0.0,17.871098,0.2927312491741805,0.31389556471100005,16.26107612954201,0.32889560278300006,0.23820377646583787,0.09979593538258875,0.13840784108324913,0.0,49.44145191345352
A3,2026-09-25,15.0,5.5,0.0,829.2290980000002,33.34750171961393,6.778124408248,645.8178385421236,6.145950810453,31.278353496064657,15.754154792074111,15.524198703990546,0.207033422142,105.08021597630103
A2,2026-09-18,15.5,5.5,0.0,15.796295,0.0012944048581663224,0.0,15.789175773280085,0.315293463899,0.23645112353696046,0.09979593538258875,0.13665518815437172,0.0,50.0777135625556
A2,2026-09-25,15.5,5.5,0.0,17.871098,0.2927312491741805,0.31389556471100005,16.26107612954201,0.32889560278300006,0.2383079432319093,0.09979593538258875,0.13851200784932055,0.0,49.44145191345352
A3,2026-09-25,15.5,5.5,0.0,829.2290980000002,33.34750171961393,6.778124408248,645.8178385421236,6.165813919675,31.301417841191743,15.755140851210594,15.546276989981148,0.207033422142,104.74170108853441
A2,2026-09-18,0.0,5.5,4.574203949143591,15.796295,0.0012944048581663224,0.0,15.789175773280085,0.344563676982,0.23608068767450002,0.09979593538258875,0.13628475229191128,0.0,45.8236802891586
A2,2026-09-25,0.0,5.5,4.574203949143591,17.871098,0.2927312491741805,0.31389556471100005,14.825253797822294,0.362648479712,0.237246844877635,0.09979593538258875,0.13745090949504626,0.0,40.880507232777816
A3,2026-09-25,0.0,5.5,4.574203949143591,829.2290980000002,33.34750171961393,6.778124408248,614.813315106129,5.672422040548001,30.612022136718586,15.7245730179796,14.887449118738987,0.207033422142,108.3863842836936
A2,2026-09-18,12.0,5.5,4.574203949143591,15.796295,0.0012944048581663224,0.0,15.789175773280085,0.32813628528899996,0.23722946932919495,0.09979593538258875,0.1374335339466062,0.0,48.117737906900665
A2,2026-09-25,12.0,5.5,4.574203949143591,17.871098,0.2927312491741805,0.31389556471100005,14.825253797822294,0.32889560278300006,0.23757877586940931,0.09979593538258875,0.13778284048682057,0.0,45.07586502335744
A3,2026-09-25,12.0,5.5,4.574203949143591,829.2290980000002,33.34750171961393,6.778124408248,614.813315106129,6.024625516888,31.14108504663758,15.74823843725521,15.392846609382367,0.207033422142,102.05004665978123
A2,2026-09-18,15.0,5.5,4.574203949143591,15.796295,0.0012944048581663224,0.0,15.789175773280085,0.315293463899,0.2365352214166033,0.09979593538258875,0.13673928603401456,0.0,50.0777135625556
A2,2026-09-25,15.0,5.5,4.574203949143591,17.871098,0.2927312491741805,0.31389556471100005,14.825253797822294,0.32889560278300006,0.23820377646583787,0.09979593538258875,0.13840784108324913,0.0,45.07586502335744
A3,2026-09-25,15.0,5.5,4.574203949143591,829.2290980000002,33.34750171961393,6.778124408248,614.813315106129,6.145950810453,31.278353496064657,15.754154792074111,15.524198703990546,0.207033422142,100.03550859217061
A2,2026-09-18,15.5,5.5,4.574203949143591,15.796295,0.0012944048581663224,0.0,15.789175773280085,0.315293463899,0.23645112353696046,0.09979593538258875,0.13665518815437172,0.0,50.0777135625556
A2,2026-09-25,15.5,5.5,4.574203949143591,17.871098,0.2927312491741805,0.31389556471100005,14.825253797822294,0.32889560278300006,0.2383079432319093,0.09979593538258875,0.13851200784932055,0.0,45.07586502335744
A3,2026-09-25,15.5,5.5,4.574203949143591,829.2290980000002,33.34750171961393,6.778124408248,614.813315106129,6.165813919675,31.301417841191743,15.755140851210594,15.546276989981148,0.207033422142,99.71324517988954
A2,2026-09-18,0.0,5.5,5.5,15.796295,0.0012944048581663224,0.0,15.789175773280085,0.344563676982,0.23608068767450002,0.09979593538258875,0.13628475229191128,0.0,45.8236802891586
A2,2026-09-25,0.0,5.5,5.5,17.871098,0.2927312491741805,0.31389556471100005,14.534650523631509,0.362648479712,0.237246844877635,0.09979593538258875,0.13745090949504626,0.0,40.079171254693556
A3,2026-09-25,0.0,5.5,5.5,829.2290980000002,33.34750171961393,6.778124408248,608.5381542967596,5.672422040548001,30.612022136718586,15.7245730179796,14.887449118738987,0.207033422142,107.28012653973293
A2,2026-09-18,12.0,5.5,5.5,15.796295,0.0012944048581663224,0.0,15.789175773280085,0.32813628528899996,0.23722946932919495,0.09979593538258875,0.1374335339466062,0.0,48.117737906900665
A2,2026-09-25,12.0,5.5,5.5,17.871098,0.2927312491741805,0.31389556471100005,14.534650523631509,0.32889560278300006,0.23757877586940931,0.09979593538258875,0.13778284048682057,0.0,44.19229202410843
A3,2026-09-25,12.0,5.5,5.5,829.2290980000002,33.34750171961393,6.778124408248,608.5381542967596,6.024625516888,31.14108504663758,15.74823843725521,15.392846609382367,0.207033422142,101.00846145389927
A2,2026-09-18,15.0,5.5,5.5,15.796295,0.0012944048581663224,0.0,15.789175773280085,0.315293463899,0.2365352214166033,0.09979593538258875,0.13673928603401456,0.0,50.0777135625556
A2,2026-09-25,15.0,5.5,5.5,17.871098,0.2927312491741805,0.31389556471100005,14.534650523631509,0.32889560278300006,0.23820377646583787,0.09979593538258875,0.13840784108324913,0.0,44.19229202410843
A3,2026-09-25,15.0,5.5,5.5,829.2290980000002,33.34750171961393,6.778124408248,608.5381542967596,6.145950810453,31.278353496064657,15.754154792074111,15.524198703990546,0.207033422142,99.01448499421134
A2,2026-09-18,15.5,5.5,5.5,15.796295,0.0012944048581663224,0.0,15.789175773280085,0.315293463899,0.23645112353696046,0.09979593538258875,0.13665518815437172,0.0,50.0777135625556
A2,2026-09-25,15.5,5.5,5.5,17.871098,0.2927312491741805,0.31389556471100005,14.534650523631509,0.32889560278300006,0.2383079432319093,0.09979593538258875,0.13851200784932055,0.0,44.19229202410843
A3,2026-09-25,15.5,5.5,5.5,829.2290980000002,33.34750171961393,6.778124408248,608.5381542967596,6.165813919675,31.301417841191743,15.755140851210594,15.546276989981148,0.207033422142,98.6955107994624
A2,2026-09-18,0.0,6.0,0.0,15.796295,0.0012944048581663224,0.0,15.788528570851003,0.344563676982,0.23608068767450002,0.09979593538258875,0.13628475229191128,0.0,45.82180196456342
A2,2026-09-25,0.0,6.0,0.0,17.871098,0.2927312491741805,0.31389556471100005,16.114710504954918,0.362648479712,0.237246844877635,0.09979593538258875,0.13745090949504626,0.0,44.43617278570294
A3,2026-09-25,0.0,6.0,0.0,829.2290980000002,33.34750171961393,6.778124408248,629.1440876823167,5.672422040548001,30.612022136718586,15.7245730179796,14.887449118738987,0.207033422142,110.91277820744389
A2,2026-09-18,12.0,6.0,0.0,15.796295,0.0012944048581663224,0.0,15.788528570851003,0.32813628528899996,0.23722946932919495,0.09979593538258875,0.1374335339466062,0.0,48.11576554828598
A2,2026-09-25,12.0,6.0,0.0,17.871098,0.2927312491741805,0.31389556471100005,16.114710504954918,0.32889560278300006,0.23757877586940931,0.09979593538258875,0.13778284048682057,0.0,48.996430382765375
A3,2026-09-25,12.0,6.0,0.0,829.2290980000002,33.34750171961393,6.778124408248,629.1440876823167,6.024625516888,31.14108504663758,15.74823843725521,15.392846609382367,0.207033422142,104.42874597246319
A2,2026-09-18,15.0,6.0,0.0,15.796295,0.0012944048581663224,0.0,15.788528570851003,0.315293463899,0.2365352214166033,0.09979593538258875,0.13673928603401456,0.0,50.07566086402808
A2,2026-09-25,15.0,6.0,0.0,17.871098,0.2927312491741805,0.31389556471100005,16.114710504954918,0.32889560278300006,0.23820377646583787,0.09979593538258875,0.13840784108324913,0.0,48.996430382765375
A3,2026-09-25,15.0,6.0,0.0,829.2290980000002,33.34750171961393,6.778124408248,629.1440876823167,6.145950810453,31.278353496064657,15.754154792074111,15.524198703990546,0.207033422142,102.36725074536422
A2,2026-09-18,15.5,6.0,0.0,15.796295,0.0012944048581663224,0.0,15.788528570851003,0.315293463899,0.23645112353696046,0.09979593538258875,0.13665518815437172,0.0,50.07566086402808
A2,2026-09-25,15.5,6.0,0.0,17.871098,0.2927312491741805,0.31389556471100005,16.114710504954918,0.32889560278300006,0.2383079432319093,0.09979593538258875,0.13851200784932055,0.0,48.996430382765375
A3,2026-09-25,15.5,6.0,0.0,829.2290980000002,33.34750171961393,6.778124408248,629.1440876823167,6.165813919675,31.301417841191743,15.755140851210594,15.546276989981148,0.207033422142,102.0374756485481
A2,2026-09-18,0.0,6.0,4.574203949143591,15.796295,0.0012944048581663224,0.0,15.788528570851003,0.344563676982,0.23608068767450002,0.09979593538258875,0.13628475229191128,0.0,45.82180196456342
A2,2026-09-25,0.0,6.0,4.574203949143591,17.871098,0.2927312491741805,0.31389556471100005,14.678888173235203,0.362648479712,0.237246844877635,0.09979593538258875,0.13745090949504626,0.0,40.476905307565474
A3,2026-09-25,0.0,6.0,4.574203949143591,829.2290980000002,33.34750171961393,6.778124408248,598.1395642463222,5.672422040548001,30.612022136718586,15.7245730179796,14.887449118738987,0.207033422142,105.44694311718335
A2,2026-09-18,12.0,6.0,4.574203949143591,15.796295,0.0012944048581663224,0.0,15.788528570851003,0.32813628528899996,0.23722946932919495,0.09979593538258875,0.1374335339466062,0.0,48.11576554828598
A2,2026-09-25,12.0,6.0,4.574203949143591,17.871098,0.2927312491741805,0.31389556471100005,14.678888173235203,0.32889560278300006,0.23757877586940931,0.09979593538258875,0.13778284048682057,0.0,44.63084349266929
A3,2026-09-25,12.0,6.0,4.574203949143591,829.2290980000002,33.34750171961393,6.778124408248,598.1395642463222,6.024625516888,31.14108504663758,15.74823843725521,15.392846609382367,0.207033422142,99.28244711138314
A2,2026-09-18,15.0,6.0,4.574203949143591,15.796295,0.0012944048581663224,0.0,15.788528570851003,0.315293463899,0.2365352214166033,0.09979593538258875,0.13673928603401456,0.0,50.07566086402808
A2,2026-09-25,15.0,6.0,4.574203949143591,17.871098,0.2927312491741805,0.31389556471100005,14.678888173235203,0.32889560278300006,0.23820377646583787,0.09979593538258875,0.13840784108324913,0.0,44.63084349266929
A3,2026-09-25,15.0,6.0,4.574203949143591,829.2290980000002,33.34750171961393,6.778124408248,598.1395642463222,6.145950810453,31.278353496064657,15.754154792074111,15.524198703990546,0.207033422142,97.32254336123381
A2,2026-09-18,15.5,6.0,4.574203949143591,15.796295,0.0012944048581663224,0.0,15.788528570851003,0.315293463899,0.23645112353696046,0.09979593538258875,0.13665518815437172,0.0,50.07566086402808
A2,2026-09-25,15.5,6.0,4.574203949143591,17.871098,0.2927312491741805,0.31389556471100005,14.678888173235203,0.32889560278300006,0.2383079432319093,0.09979593538258875,0.13851200784932055,0.0,44.63084349266929
A3,2026-09-25,15.5,6.0,4.574203949143591,829.2290980000002,33.34750171961393,6.778124408248,598.1395642463222,6.165813919675,31.301417841191743,15.755140851210594,15.546276989981148,0.207033422142,97.00901973990322
A2,2026-09-18,0.0,6.0,5.5,15.796295,0.0012944048581663224,0.0,15.788528570851003,0.344563676982,0.23608068767450002,0.09979593538258875,0.13628475229191128,0.0,45.82180196456342
A2,2026-09-25,0.0,6.0,5.5,17.871098,0.2927312491741805,0.31389556471100005,14.388284899044418,0.362648479712,0.237246844877635,0.09979593538258875,0.13745090949504626,0.0,39.67556932948122
A3,2026-09-25,0.0,6.0,5.5,829.2290980000002,33.34750171961393,6.778124408248,591.8644034369527,5.672422040548001,30.612022136718586,15.7245730179796,14.887449118738987,0.207033422142,104.34068537322267
A2,2026-09-18,12.0,6.0,5.5,15.796295,0.0012944048581663224,0.0,15.788528570851003,0.32813628528899996,0.23722946932919495,0.09979593538258875,0.1374335339466062,0.0,48.11576554828598
A2,2026-09-25,12.0,6.0,5.5,17.871098,0.2927312491741805,0.31389556471100005,14.388284899044418,0.32889560278300006,0.23757877586940931,0.09979593538258875,0.13778284048682057,0.0,43.74727049342029
A3,2026-09-25,12.0,6.0,5.5,829.2290980000002,33.34750171961393,6.778124408248,591.8644034369527,6.024625516888,31.14108504663758,15.74823843725521,15.392846609382367,0.207033422142,98.24086190550118
A2,2026-09-18,15.0,6.0,5.5,15.796295,0.0012944048581663224,0.0,15.788528570851003,0.315293463899,0.2365352214166033,0.09979593538258875,0.13673928603401456,0.0,50.07566086402808
A2,2026-09-25,15.0,6.0,5.5,17.871098,0.2927312491741805,0.31389556471100005,14.388284899044418,0.32889560278300006,0.23820377646583787,0.09979593538258875,0.13840784108324913,0.0,43.74727049342029
A3,2026-09-25,15.0,6.0,5.5,829.2290980000002,33.34750171961393,6.778124408248,591.8644034369527,6.145950810453,31.278353496064657,15.754154792074111,15.524198703990546,0.207033422142,96.30151976327453
A2,2026-09-18,15.5,6.0,5.5,15.796295,0.0012944048581663224,0.0,15.788528570851003,0.315293463899,0.23645112353696046,0.09979593538258875,0.13665518815437172,0.0,50.07566086402808
A2,2026-09-25,15.5,6.0,5.5,17.871098,0.2927312491741805,0.31389556471100005,14.388284899044418,0.32889560278300006,0.2383079432319093,0.09979593538258875,0.13851200784932055,0.0,43.74727049342029
A3,2026-09-25,15.5,6.0,5.5,829.2290980000002,33.34750171961393,6.778124408248,591.8644034369527,6.165813919675,31.301417841191743,15.755140851210594,15.546276989981148,0.207033422142,95.99128535947608
