assumed_live,assumed_rt,boundary_hour,drop_volume_coefficient,drop_oi_coefficient,max_abs_residual_points,matrix_condition_number,residual_A2_sep18,residual_A2_sep25,residual_A3_sep25
5.0,0.0,0.0,35.43566175773825,15.075304953311772,0.020992703891794307,72.26415700326382,0.020992703891794307,-0.019815645644737145,-8.322631060764252e-06
5.0,0.0,12.0,39.097607168881645,13.709963695645646,0.2919280164167741,80.853558135466,-0.2919280164167741,0.291214284921292,2.1706082407035865e-06
5.0,0.0,15.0,40.194152604567144,13.282677973054556,0.024951802831717274,83.38375165140098,-0.024951802831717274,0.02377765013689981,7.6108276516606566e-06
5.0,0.0,15.5,40.223968043040564,13.241511372900426,0.023501481793514856,83.49666971803997,-0.023501481793514856,0.022398197731305913,7.005539941928873e-06
5.0,4.574203949143591,0.0,33.82634124499338,14.36070036204069,0.7442104405283576,72.26415700326382,0.7442104405283576,-0.70248265543405,-0.00029504483450182306
5.0,4.574203949143591,12.0,37.39043180033101,13.044623172700605,0.4260965465377726,80.853558135466,0.4260965465377726,-0.42505478792507567,-3.1682076269134996e-06
5.0,4.574203949143591,15.0,38.38037961715912,12.6478317801166,0.697082449906663,83.38375165140098,0.697082449906663,-0.664279960944949,-0.00021262488462525653
5.0,4.574203949143591,15.5,38.4089782619867,12.60852346537889,0.6984236351350219,83.49666971803997,0.6984236351350219,-0.6656359295715859,-0.00020819261158067093
5.0,5.5,0.0,33.500622804839274,14.21606795913997,0.8905861010655158,72.26415700326382,0.8905861010655158,-0.8406510512335181,-0.00035307597727296525
5.0,5.5,12.0,37.04490802572544,12.909961571367209,0.571421134639218,80.853558135466,0.571421134639218,-0.5700240735897033,-4.248757250024937e-06
5.0,5.5,15.0,38.01328101649308,12.519342078988739,0.843218579209168,83.38375165140098,0.843218579209168,-0.8035393875432586,-0.0002571994934896793
5.0,5.5,15.5,38.041633388359216,12.480409871945211,0.8445376758943226,83.49666971803997,0.8445376758943226,-0.8048906031701843,-0.0002517476433467891
5.5,0.0,0.0,35.607614259621776,14.49876323623543,0.0972072801878916,72.26415700326382,0.0972072801878916,-0.0917568803058657,-3.8538166904800164e-05
5.5,0.0,12.0,39.28698876002607,13.137899380694154,0.2190076768079976,80.853558135466,-0.2190076768079976,0.21847222742349715,1.6284145658573834e-06
5.5,0.0,15.0,40.38022724242105,12.713040142616027,0.05047228797654135,83.38375165140098,0.05047228797654135,-0.04809722220151613,-1.5395114701277635e-05
5.5,0.0,15.5,40.40982380911239,12.672218296318164,0.0518621950867022,83.49666971803997,0.0518621950867022,-0.049427508892190275,-1.5459565588571422e-05
5.5,4.574203949143591,0.0,33.99829374687671,13.784158644964368,0.8204250168245153,72.26415700326382,0.8204250168245153,-0.7744238900951146,-0.0003252603697774248
5.5,4.574203949143591,12.0,37.57981339147541,12.47255885774911,0.49901688614655804,80.853558135466,0.49901688614655804,-0.4977968454228616,-3.710401074386027e-06
5.5,4.574203949143591,15.0,38.56645425501325,12.07819394967803,0.7725065407148612,83.38375165140098,0.7725065407148612,-0.7361548332834271,-0.00023563082697819482
5.5,4.574203949143591,15.5,38.59483402805853,12.039230388796623,0.773787312015239,83.49666971803997,0.773787312015239,-0.7374616361950821,-0.00023065771699748439
5.5,5.5,0.0,33.67257530672258,13.639526242063662,0.9668006773616789,72.26415700326382,0.9668006773616789,-0.9125922858945756,-0.0003832915128896275
5.5,5.5,12.0,37.234289616869845,12.33789725641572,0.6443414742480016,80.853558135466,0.6443414742480016,-0.6427661310874893,-4.7909508111843024e-06
5.5,5.5,15.0,38.19935565434697,11.949704248550214,0.9186426700174284,83.38375165140098,0.9186426700174284,-0.8754142598816657,-0.0002802054358426176
5.5,5.5,15.5,38.22748915443103,11.911116795362954,0.9199013527745432,83.49666971803997,0.9199013527745432,-0.876716309793677,-0.00027421274899097625
6.0,0.0,0.0,35.77956676150511,13.922221519159118,0.17342185648404573,72.26415700326382,0.17342185648404573,-0.16369811496693032,-6.875370229408873e-05
6.0,0.0,12.0,39.47637035117024,12.565835065742707,0.14608733719914646,80.853558135466,-0.14608733719914646,0.1457301699257787,1.0862211183848558e-06
6.0,0.0,15.0,40.56630188027477,12.143402312177535,0.12589637878484972,83.38375165140098,0.12589637878484972,-0.11997209453987878,-3.840105694052909e-05
6.0,0.0,15.5,40.595679575184,12.102925219735942,0.12722587196697788,83.49666971803997,0.12722587196697788,-0.12125321551562251,-3.792467100538488e-05
6.0,4.574203949143591,0.0,34.17024624876004,13.207616927888056,0.896639593120673,72.26415700326382,0.896639593120673,-0.8463651247561792,-0.00035547590516671335
6.0,4.574203949143591,12.0,37.76919498261961,11.900494542797666,0.5719372257553985,80.853558135466,0.5719372257553985,-0.570538902920589,-4.25259474923223e-06
6.0,4.574203949143591,15.0,38.752528892867154,11.508556119239499,0.8479306315231199,83.38375165140098,0.8479306315231199,-0.8080297056218431,-0.00025863676910375943
6.0,4.574203949143591,15.5,38.78068979413014,11.469937312214405,0.8491509888955147,83.49666971803997,0.8491509888955147,-0.8092873428185179,-0.0002531228225279847
6.0,5.5,0.0,33.844527808606095,13.06298452498732,1.043015253657778,72.26415700326382,1.043015253657778,-0.9845335205557024,-0.0004135070483926029
6.0,5.5,12.0,37.423671208014255,11.765832941464229,0.7172618138567852,80.853558135466,0.7172618138567852,-0.715508188585277,-5.333144372343668e-06
6.0,5.5,15.0,38.38543029220112,11.380066418111642,0.9940667608256195,83.38375165140098,0.9940667608256195,-0.9472891322201544,-0.0003032113781955559
6.0,5.5,15.5,38.413344920502645,11.34182371878073,0.9952650296548171,83.49666971803997,0.9952650296548171,-0.9485420164171146,-0.00029667785429410287
