account,time,observed_points,live_model,credit_model,drop_model,a3_referral_model,residual
A1,2026-09-18 14:12:00+00:00,256.955869,35.05734134052318,30.289820250617716,128.08625044329025,86.99491971862477,-23.472462753055908
A1,2026-09-18 14:31:00+00:00,256.996044,35.111233739066044,30.289820250617716,128.08625044329025,87.02409866930269,-23.51535910227672
A1,2026-09-18 15:32:00+00:00,565.454222,35.28425670280894,30.289820250617716,330.487520937759,176.87714213181732,-7.484518023003034
A1,2026-09-18 19:11:00+00:00,566.390262,35.90543750706624,30.289820250617716,330.487520937759,177.21346793173657,-7.505984627179515
A1,2026-09-19 02:35:00+00:00,568.296016,37.16481776775225,30.289820250617716,330.487520937759,177.89533393705236,-7.541476893181226
A1,2026-09-27 15:00:00+00:00,825.327811,72.93418757470364,39.990001003071214,469.9803578474238,264.60427888046235,-22.18101430566105
A1,2026-09-28 13:00:00+00:00,831.977303,77.27100092809457,39.990001003071214,469.9803578474238,267.200207334472,-22.464264113061688
A2,2026-09-18 14:12:00+00:00,13.69638,2.408708764905173,2.6457887854155366,12.531446633244467,0.0,-3.8895641835651773
A2,2026-09-18 14:31:00+00:00,13.697564,2.41087320403787,2.6457887854155366,12.531446633244467,0.0,-3.890544622697874
A2,2026-09-18 15:33:00+00:00,29.493859,2.417936110681409,2.6457887854155366,27.455558080817227,0.0,-3.0254239769141726
A2,2026-09-18 19:11:00+00:00,29.591919,2.444269469862171,2.714418161704393,27.455558080817227,0.0,-3.0223267123837907
A2,2026-09-19 02:42:00+00:00,29.653493,2.499363452039052,2.714418161704393,27.455558080817227,0.0,-3.015846694560672
A2,2026-09-27 15:00:00+00:00,47.524591,4.179416212881543,4.15057830493542,43.04061226198623,0.0,-3.8460157798031958
A2,2026-09-28 13:00:00+00:00,47.710838,4.365647064145448,4.15057830493542,43.04061226198623,0.0,-3.8459996310671016
A3,2026-09-19 03:03:00+00:00,1967.074763,184.14767372493648,129.9780055604822,1465.270996922908,0.0,187.67808679167342
A3,2026-09-19 03:59:00+00:00,1967.879876,185.03429218295184,129.9780055604822,1465.270996922908,0.0,187.59658133365792
A3,2026-09-26 10:40:00+00:00,2797.108974,371.6928783844309,160.9898235514423,2076.829646461224,0.0,187.5966256029028
A3,2026-09-28 03:42:00+00:00,2843.574565,420.30137494318194,163.89735438472746,2076.829646461224,0.0,182.5461892108665
