leverage,holding_weeks,fee_bp_assumed,spread_bp_assumed,round_trip_cost_pct_equity,annualized_cost_drag_percentage_points
10,1,3.41,0.0,0.682,35.464
10,1,3.41,0.2,0.722,37.544000000000004
10,1,3.41,1.0,0.882,45.864000000000004
10,4,3.41,0.0,0.682,8.866
10,4,3.41,0.2,0.722,9.386000000000001
10,4,3.41,1.0,0.882,11.466000000000001
10,13,3.41,0.0,0.682,2.728
10,13,3.41,0.2,0.722,2.888
10,13,3.41,1.0,0.882,3.528
10,52,3.41,0.0,0.682,0.682
10,52,3.41,0.2,0.722,0.722
10,52,3.41,1.0,0.882,0.882
15,1,3.41,0.0,1.0230000000000001,53.196
15,1,3.41,0.2,1.0830000000000002,56.316
15,1,3.41,1.0,1.3230000000000002,68.796
15,4,3.41,0.0,1.0230000000000001,13.299
15,4,3.41,0.2,1.0830000000000002,14.079
15,4,3.41,1.0,1.3230000000000002,17.199
15,13,3.41,0.0,1.0230000000000001,4.0920000000000005
15,13,3.41,0.2,1.0830000000000002,4.332000000000001
15,13,3.41,1.0,1.3230000000000002,5.292
15,52,3.41,0.0,1.0230000000000001,1.0230000000000001
15,52,3.41,0.2,1.0830000000000002,1.0830000000000002
15,52,3.41,1.0,1.3230000000000002,1.323
20,1,3.41,0.0,1.364,70.928
20,1,3.41,0.2,1.444,75.08800000000001
20,1,3.41,1.0,1.764,91.72800000000001
20,4,3.41,0.0,1.364,17.732
20,4,3.41,0.2,1.444,18.772000000000002
20,4,3.41,1.0,1.764,22.932000000000002
20,13,3.41,0.0,1.364,5.456
20,13,3.41,0.2,1.444,5.776
20,13,3.41,1.0,1.764,7.056
20,52,3.41,0.0,1.364,1.364
20,52,3.41,0.2,1.444,1.444
20,52,3.41,1.0,1.764,1.764
