tail_alpha,population_N,first_1643_model_points,total_model_points,model_sum_lower,model_sum_upper
0.8,2270,392547.6526390694,408813.78438375116,408813.78438375116,408813.78438375116
0.8,5000,392547.6526390694,453269.07599633967,453269.07599633967,453269.07599633967
0.8,10000,392547.6526390694,498520.3921036016,498520.3921036016,498520.3921036016
0.8,25000,392547.6526390694,568829.166773811,568829.166773811,568829.166773811
0.8,100000,392547.6526390694,702988.8075431415,702988.8075431415,702988.8075431415
0.8,infinite,392547.6526390694,divergent,divergent,divergent
1.0,2270,392547.6526390694,408292.8127126229,408292.8127126229,408292.8127126229
1.0,5000,392547.6526390694,446759.6397548059,446759.6397548059,446759.6397548059
1.0,10000,392547.6526390694,480527.8120567525,480527.8120567525,480527.8120567525
1.0,25000,392547.6526390694,525168.6662504938,525168.6662504938,525168.6662504938
1.0,100000,392547.6526390694,592709.1518754385,592709.1518754385,592709.1518754385
1.0,infinite,392547.6526390694,divergent,divergent,divergent
1.11044648295277,2270,392547.6526390694,408014.60885113914,408014.60885113914,408014.60885113914
1.11044648295277,5000,392547.6526390694,443559.1077319205,443559.1077319205,443559.1077319205
1.11044648295277,10000,392547.6526390694,472306.8518806074,472306.8518806074,472306.8518806074
1.11044648295277,25000,392547.6526390694,507085.3247995217,507085.3247995217,507085.3247995217
1.11044648295277,100000,392547.6526390694,553446.9714795385,553446.9714795385,553446.9714795385
1.11044648295277,infinite,392547.6526390694,833657.6879036399,833642.8661654363,833672.5096418434
1.25,2270,392547.6526390694,407672.4017032975,407672.4017032975,407672.4017032975
1.25,5000,392547.6526390694,439868.90250960086,439868.90250960086,439868.90250960086
1.25,10000,392547.6526390694,463342.55758004636,463342.55758004636,463342.55758004636
1.25,25000,392547.6526390694,488743.19778628706,488743.19778628706,488743.19778628706
1.25,100000,392547.6526390694,517643.40888139536,517643.40888139536,517643.40888139536
1.25,infinite,392547.6526390694,587415.5875261157,587400.766417162,587430.4086350694
1.5,2270,392547.6526390694,407084.33910526097,407084.33910526097,407084.33910526097
1.5,5000,392547.6526390694,434120.05159417505,434120.05159417505,434120.05159417505
1.5,10000,392547.6526390694,450478.36735854583,450478.36735854583,450478.36735854583
1.5,25000,392547.6526390694,464994.46972611244,464994.46972611244,464994.46972611244
1.5,100000,392547.6526390694,477484.2442625874,477484.2442625874,477484.2442625874
1.5,infinite,392547.6526390694,489974.210655282,489959.39067349455,489989.03063706943
2.0,2270,392547.6526390694,405997.80738151824,405997.80738151824,405997.80738151824
2.0,5000,392547.6526390694,425245.50034967135,425245.50034967135,425245.50034967135
2.0,10000,392547.6526390694,433249.10892421607,433249.10892421607,433249.10892421607
2.0,25000,392547.6526390694,438051.6582562385,438051.6582562385,438051.6582562385
2.0,100000,392547.6526390694,440453.0409817707,440453.0409817707,440453.0409817707
2.0,infinite,392547.6526390694,441253.5239102717,441238.7061824739,441268.3416380694
