as_of_utc,rank_start,rank_end,points_per_rank_lower,source_timestamp_utc,source_rank,source,segment_points_lower
2026-09-19T03:59:00Z,1,1,27491.441,2026-09-19T03:59:00Z,1,leaderboard_snapshots.csv,27491.441
2026-09-19T03:59:00Z,2,2,23403.016,2026-09-19T03:59:00Z,2,leaderboard_snapshots.csv,23403.016
2026-09-19T03:59:00Z,3,3,19471.912,2026-09-19T03:59:00Z,3,leaderboard_snapshots.csv,19471.912
2026-09-19T03:59:00Z,4,4,10787.378,2026-09-19T03:59:00Z,4,leaderboard_snapshots.csv,10787.378
2026-09-19T03:59:00Z,5,5,7330.0737,2026-09-19T03:00:00Z,5,leaderboard_snapshots.csv,7330.0737
2026-09-19T03:59:00Z,6,6,4880.5576,2026-09-19T03:00:00Z,6,leaderboard_snapshots.csv,4880.5576
2026-09-19T03:59:00Z,7,7,4792.186,2026-09-19T03:00:00Z,7,leaderboard_snapshots.csv,4792.186
2026-09-19T03:59:00Z,8,8,4188.4844,2026-09-19T03:00:00Z,8,leaderboard_snapshots.csv,4188.4844
2026-09-19T03:59:00Z,9,9,3915.6533,2026-09-19T03:00:00Z,9,leaderboard_snapshots.csv,3915.6533
2026-09-19T03:59:00Z,10,10,3751.7253,2026-09-19T03:00:00Z,10,leaderboard_snapshots.csv,3751.7253
2026-09-19T03:59:00Z,11,29,1967.879876,2026-09-19T03:59:00Z,29,points_snapshots.csv,37389.717644
2026-09-19T03:59:00Z,30,115,568.296016,2026-09-19T02:35:00Z,115,points_snapshots.csv,48873.457376
2026-09-19T03:59:00Z,116,226,256.996044,2026-09-18T14:31:00Z,226,points_snapshots.csv,28526.560884
2026-09-19T03:59:00Z,227,1643,29.653493,2026-09-19T02:42:00Z,1643,points_snapshots.csv,42018.999581000004
2026-09-19T03:59:00Z,1644,1645,29.493859,2026-09-18T15:33:00Z,1645,points_snapshots.csv,58.987718
2026-09-19T03:59:00Z,1646,2270,13.697564,2026-09-18T14:31:00Z,2270,points_snapshots.csv,8560.977499999999
2026-09-28T13:00:00Z,1,1,32571.023,2026-09-28T03:42:00Z,1,leaderboard_snapshots.csv,32571.023
2026-09-28T13:00:00Z,2,2,31162.576,2026-09-28T03:42:00Z,2,leaderboard_snapshots.csv,31162.576
2026-09-28T13:00:00Z,3,3,19471.912,2026-09-19T03:59:00Z,3,leaderboard_snapshots.csv,19471.912
2026-09-28T13:00:00Z,4,4,10787.378,2026-09-19T03:59:00Z,4,leaderboard_snapshots.csv,10787.378
2026-09-28T13:00:00Z,5,5,7330.0737,2026-09-19T03:00:00Z,5,leaderboard_snapshots.csv,7330.0737
2026-09-28T13:00:00Z,6,6,4880.5576,2026-09-19T03:00:00Z,6,leaderboard_snapshots.csv,4880.5576
2026-09-28T13:00:00Z,7,7,4792.186,2026-09-19T03:00:00Z,7,leaderboard_snapshots.csv,4792.186
2026-09-28T13:00:00Z,8,8,4188.4844,2026-09-19T03:00:00Z,8,leaderboard_snapshots.csv,4188.4844
2026-09-28T13:00:00Z,9,9,3915.6533,2026-09-19T03:00:00Z,9,leaderboard_snapshots.csv,3915.6533
2026-09-28T13:00:00Z,10,10,3751.7253,2026-09-19T03:00:00Z,10,leaderboard_snapshots.csv,3751.7253
2026-09-28T13:00:00Z,11,22,2843.574565,2026-09-28T03:42:00Z,22,points_snapshots.csv,34122.89478
2026-09-28T13:00:00Z,23,29,1967.879876,2026-09-19T03:59:00Z,29,points_snapshots.csv,13775.159132
2026-09-28T13:00:00Z,30,92,831.977303,2026-09-28T13:00:00Z,92,points_snapshots.csv,52414.570089
2026-09-28T13:00:00Z,93,115,568.296016,2026-09-19T02:35:00Z,115,points_snapshots.csv,13070.808368
2026-09-28T13:00:00Z,116,226,256.996044,2026-09-18T14:31:00Z,226,points_snapshots.csv,28526.560884
2026-09-28T13:00:00Z,227,1472,47.710838,2026-09-28T13:00:00Z,1472,points_snapshots.csv,59447.704148000004
2026-09-28T13:00:00Z,1473,1643,29.653493,2026-09-19T02:42:00Z,1643,points_snapshots.csv,5070.747303
2026-09-28T13:00:00Z,1644,1645,29.493859,2026-09-18T15:33:00Z,1645,points_snapshots.csv,58.987718
2026-09-28T13:00:00Z,1646,2270,13.697564,2026-09-18T14:31:00Z,2270,points_snapshots.csv,8560.977499999999
