rank,interpolated_points,synchronized_prefix_lower,synchronized_prefix_upper
1,27484.720000000023,27484.72,27484.72
2,23389.418000000012,23389.418,23389.418
3,19469.192999999996,19469.193,19469.193
4,10786.947000000002,10786.947,10786.947
5,7330.073699999997,7330.0737,7330.0737
6,4880.557599999996,4880.5576,4880.5576
7,4792.1860000000015,4792.186,4792.186
8,4188.484400000005,4188.4844,4188.4844
9,3915.6532999999963,3915.6533,3915.6533
10,3751.7253000000005,3751.7253,3751.7253
11,3541.028577882168,1967.074763,3751.7253
12,3359.026778953275,1967.074763,3751.7253
13,3199.873585025224,1967.074763,3751.7253
14,3059.2515779494775,1967.074763,3751.7253
15,2933.896001220682,1967.074763,3751.7253
16,2821.287655606688,1967.074763,3751.7253
17,2719.448356582069,1967.074763,3751.7253
18,2626.800857398648,1967.074763,3751.7253
19,2542.070568368,1967.074763,3751.7253
20,2464.2151181828594,1967.074763,3751.7253
21,2392.3729094115797,1967.074763,3751.7253
22,2325.8249092850133,1967.074763,3751.7253
23,2263.965839143495,1967.074763,3751.7253
24,2206.282152661266,1967.074763,3751.7253
25,2152.3349937796997,1967.074763,3751.7253
26,2101.746858836691,1967.074763,3751.7253
27,2054.191049521923,1967.074763,3751.7253
28,2009.383253274932,1967.074763,3751.7253
29,1967.0747629999996,1967.074763,1967.074763
30,1907.8790074497458,568.296016,1967.074763
31,1852.319739345935,568.296016,1967.074763
32,1800.0667344004141,568.296016,1967.074763
33,1750.8288678331628,568.296016,1967.074763
34,1704.3484695009743,568.296016,1967.074763
35,1660.3966321918867,568.296016,1967.074763
36,1618.7692900998504,568.296016,1967.074763
37,1579.2839236249874,568.296016,1967.074763
38,1541.7767765968931,568.296016,1967.074763
39,1506.100495125323,568.296016,1967.074763
40,1472.1221152407368,568.296016,1967.074763
41,1439.721340541634,568.296016,1967.074763
42,1408.7890621377564,568.296016,1967.074763
43,1379.226081955647,568.296016,1967.074763
44,1350.942007472657,568.296016,1967.074763
45,1323.8542915589749,568.296016,1967.074763
46,1297.8873956332977,568.296016,1967.074763
47,1272.9720580055969,568.296016,1967.074763
48,1249.0446522675024,568.296016,1967.074763
49,1226.0466230345633,568.296016,1967.074763
50,1203.9239883529744,568.296016,1967.074763
51,1182.6268997407935,568.296016,1967.074763
52,1162.1092522070796,568.296016,1967.074763
53,1142.3283377349476,568.296016,1967.074763
54,1123.2445366685602,568.296016,1967.074763
55,1104.8210422435534,568.296016,1967.074763
56,1087.0236141726998,568.296016,1967.074763
57,1069.820357765806,568.296016,1967.074763
58,1053.1815255429237,568.296016,1967.074763
59,1037.0793387075626,568.296016,1967.074763
60,1021.4878261936426,568.296016,1967.074763
61,1006.3826792963202,568.296016,1967.074763
62,991.7411201506137,568.296016,1967.074763
63,977.541782539654,568.296016,1967.074763
64,963.7646037019985,568.296016,1967.074763
65,950.3907259692556,568.296016,1967.074763
66,937.4024072053639,568.296016,1967.074763
67,924.7829391402008,568.296016,1967.074763
68,912.5165727957558,568.296016,1967.074763
69,900.5884502949536,568.296016,1967.074763
70,888.9845424234059,568.296016,1967.074763
71,877.6915913845064,568.296016,1967.074763
72,866.697058249736,568.296016,1967.074763
73,855.9890746599839,568.296016,1967.074763
74,845.5563983811728,568.296016,1967.074763
75,835.3883723592804,568.296016,1967.074763
76,825.474886956784,568.296016,1967.074763
77,815.8063450851981,568.296016,1967.074763
78,806.3736299772968,568.296016,1967.074763
79,797.1680753682763,568.296016,1967.074763
80,788.1814378779234,568.296016,1967.074763
81,779.4058714061368,568.296016,1967.074763
82,770.8339033722541,568.296016,1967.074763
83,762.4584126447783,568.296016,1967.074763
84,754.2726090225516,568.296016,1967.074763
85,746.2700141413201,568.296016,1967.074763
86,738.4444436912529,568.296016,1967.074763
87,730.7899908413626,568.296016,1967.074763
88,723.3010107761074,568.296016,1967.074763
89,715.9721062579129,568.296016,1967.074763
90,708.7981141368688,568.296016,1967.074763
91,701.7740927357607,568.296016,1967.074763
92,694.8953100447097,568.296016,1967.074763
93,688.1572326653308,568.296016,1967.074763
94,681.5555154493384,568.296016,1967.074763
95,675.085991781133,568.296016,1967.074763
96,668.7446644580435,568.296016,1967.074763
97,662.5276971256842,568.296016,1967.074763
98,656.4314062293176,568.296016,1967.074763
99,650.4522534452294,568.296016,1967.074763
100,644.586838558971,568.296016,1967.074763
101,638.8318927599282,568.296016,1967.074763
102,633.1842723240243,568.296016,1967.074763
103,627.640952658544,568.296016,1967.074763
104,622.199022685036,568.296016,1967.074763
105,616.8556795380621,568.296016,1967.074763
106,611.6082235592205,568.296016,1967.074763
107,606.4540535673876,568.296016,1967.074763
108,601.3906623875226,568.296016,1967.074763
109,596.4156326216539,568.296016,1967.074763
110,591.5266326468491,568.296016,1967.074763
111,586.7214128260442,568.296016,1967.074763
112,581.9978019186186,568.296016,1967.074763
113,577.3537036785023,568.296016,1967.074763
114,572.7870936284634,568.296016,1967.074763
115,568.2960160000001,568.296016,568.296016
116,562.8584201715378,29.653493,568.296016
117,557.5188612394952,29.653493,568.296016
118,552.2747561950698,29.653493,568.296016
119,547.1236112089452,29.653493,568.296016
120,542.063017835161,29.653493,568.296016
121,537.0906494065978,29.653493,568.296016
122,532.2042576109153,29.653493,568.296016
123,527.4016692365129,29.653493,568.296016
124,522.6807830787719,29.653493,568.296016
125,518.039566997464,29.653493,568.296016
126,513.4760551167993,29.653493,568.296016
127,508.98834516012914,29.653493,568.296016
128,504.5745959118348,29.653493,568.296016
129,500.2330247993817,29.653493,568.296016
130,495.9619055889835,29.653493,568.296016
131,491.75956618869986,29.653493,568.296016
132,487.624386553193,29.653493,568.296016
133,483.5547966847027,29.653493,568.296016
134,479.5492747251417,29.653493,568.296016
135,475.60634513451265,29.653493,568.296016
136,471.7245769511319,29.653493,568.296016
137,467.9025821294219,29.653493,568.296016
138,464.13901395127266,29.653493,568.296016
139,460.43256550721196,29.653493,568.296016
140,456.781968243841,29.653493,568.296016
141,453.18599057419357,29.653493,568.296016
142,449.64343654786836,29.653493,568.296016
143,446.15314457796853,29.653493,568.296016
144,442.71398622203725,29.653493,568.296016
145,439.3248650143488,29.653493,568.296016
146,435.9847153470505,29.653493,568.296016
147,432.6925013977973,29.653493,568.296016
148,429.44721610164214,29.653493,568.296016
149,426.24788016507466,29.653493,568.296016
150,423.0935411202094,29.653493,568.296016
151,419.98327241723143,29.653493,568.296016
152,416.916172553316,29.653493,568.296016
153,413.8913642363215,29.653493,568.296016
154,410.9079935816554,29.653493,568.296016
155,407.96522934078905,29.653493,568.296016
156,405.06226215998095,29.653493,568.296016
157,402.1983038678409,29.653493,568.296016
158,399.37258679043435,29.653493,568.296016
159,396.5843630927027,29.653493,568.296016
160,393.8329041450232,29.653493,568.296016
161,391.1174999138004,29.653493,568.296016
162,388.4374583750405,29.653493,568.296016
163,385.7921049498974,29.653493,568.296016
164,383.18078196124384,29.653493,568.296016
165,380.6028481103617,29.653493,568.296016
166,378.0576779728877,29.653493,568.296016
167,375.5446615131956,29.653493,568.296016
168,373.06320361643685,29.653493,568.296016
169,370.6127236374941,29.653493,568.296016
170,368.1926549661421,29.653493,568.296016
171,365.802444607743,29.653493,568.296016
172,363.44155277883044,29.653493,568.296016
173,361.1094525169763,29.653493,568.296016
174,358.8056293043511,29.653493,568.296016
175,356.529580704426,29.653493,568.296016
176,354.2808160112826,29.653493,568.296016
177,352.0588559110263,29.653493,568.296016
178,349.8632321548197,29.653493,568.296016
179,347.6934872430728,29.653493,568.296016
180,345.5491741203517,29.653493,568.296016
181,343.429855880583,29.653493,568.296016
182,341.335105482153,29.653493,568.296016
183,339.26450547251824,29.653493,568.296016
184,337.2176477219548,29.653493,568.296016
185,335.19413316610485,29.653493,568.296016
186,333.19357155697287,29.653493,568.296016
187,331.2155812220596,29.653493,568.296016
188,329.25978883132086,29.653493,568.296016
189,327.3258291716594,29.653493,568.296016
190,325.41334492866577,29.653493,568.296016
191,323.5219864753399,29.653493,568.296016
192,321.6514116675366,29.653493,568.296016
193,319.80128564588347,29.653493,568.296016
194,317.9712806439356,29.653493,568.296016
195,316.1610758023427,29.653493,568.296016
196,314.3703569888056,29.653493,568.296016
197,312.59881662361704,29.653493,568.296016
198,310.846153510584,29.653493,568.296016
199,309.1120726731411,29.653493,568.296016
200,307.396285195469,29.653493,568.296016
201,305.6985080684428,29.653493,568.296016
202,304.0184640402363,29.653493,568.296016
203,302.35588147142647,29.653493,568.296016
204,300.7104941944311,29.653493,568.296016
205,299.08204137714097,29.653493,568.296016
206,297.47026739059163,29.653493,568.296016
207,295.8749216805421,29.653493,568.296016
208,294.2957586428253,29.653493,568.296016
209,292.73253750234045,29.653493,568.296016
210,291.18502219556814,29.653493,568.296016
211,289.65298125648394,29.653493,568.296016
212,288.1361877057615,29.653493,568.296016
213,286.63441894315184,29.653493,568.296016
214,285.1474566429363,29.653493,568.296016
215,283.67508665234857,29.653493,568.296016
216,282.2170988928708,29.653493,568.296016
217,280.7732872643076,29.653493,568.296016
218,279.3434495515473,29.653493,568.296016
219,277.9273873339266,29.653493,568.296016
220,276.52490589710925,29.653493,568.296016
221,275.1358141474023,29.653493,568.296016
222,273.75992452843,29.653493,568.296016
223,272.39705294008814,29.653493,568.296016
224,271.0470186597132,29.653493,568.296016
225,269.7096442653871,29.653493,568.296016
226,268.3847555613172,29.653493,568.296016
227,267.0721815052257,29.653493,568.296016
228,265.7717541376819,29.653493,568.296016
229,264.48330851332156,29.653493,568.296016
230,263.2066826338924,29.653493,568.296016
231,261.9417173830699,29.653493,568.296016
232,260.6882564629909,29.653493,568.296016
233,259.44614633244936,29.653493,568.296016
234,258.2152361467072,29.653493,568.296016
235,256.99537769886894,29.653493,568.296016
236,255.78642536277437,29.653493,568.296016
237,254.58823603736244,29.653493,568.296016
238,253.40066909246457,29.653493,568.296016
239,252.22358631598203,29.653493,568.296016
240,251.05685186240885,29.653493,568.296016
241,249.90033220265977,29.653493,568.296016
242,248.75389607516362,29.653493,568.296016
243,247.61741443818764,29.653493,568.296016
244,246.49076042335386,29.653493,568.296016
245,245.3738092903164,29.653493,568.296016
246,244.2664383825628,29.653493,568.296016
247,243.16852708430886,29.653493,568.296016
248,242.07995677845585,29.653493,568.296016
249,241.000610805579,29.653493,568.296016
250,239.93037442391758,29.653493,568.296016
251,238.8691347703391,29.653493,568.296016
252,237.81678082225096,29.653493,568.296016
253,236.77320336042942,29.653493,568.296016
254,235.73829493274536,29.653493,568.296016
255,234.71194981875652,29.653493,568.296016
256,233.69406399514648,29.653493,568.296016
257,232.68453510198432,29.653493,568.296016
258,231.68326240978413,29.653493,568.296016
259,230.69014678733973,29.653493,568.296016
260,229.70509067031725,29.653493,568.296016
261,228.72799803058123,29.653493,568.296016
262,227.75877434623737,29.653493,568.296016
263,226.79732657236926,29.653493,568.296016
264,225.84356311245477,29.653493,568.296016
265,224.89739379043903,29.653493,568.296016
266,223.95872982344957,29.653493,568.296016
267,223.02748379513756,29.653493,568.296016
268,222.1035696296235,29.653493,568.296016
269,221.1869025660371,29.653493,568.296016
270,220.27739913363243,29.653493,568.296016
271,219.37497712746386,29.653493,568.296016
272,218.47955558460876,29.653493,568.296016
273,217.59105476092193,29.653493,568.296016
274,216.70939610830828,29.653493,568.296016
275,215.83450225250115,29.653493,568.296016
276,214.96629697133116,29.653493,568.296016
277,214.10470517347576,29.653493,568.296016
278,213.24965287767495,29.653493,568.296016
279,212.40106719240194,29.653493,568.296016
280,211.5588762959784,29.653493,568.296016
281,210.72300941712078,29.653493,568.296016
282,209.89339681590855,29.653493,568.296016
283,209.06996976516393,29.653493,568.296016
284,208.25266053223135,29.653493,568.296016
285,207.4414023611475,29.653493,568.296016
286,206.63612945519304,29.653493,568.296016
287,205.83677695981444,29.653493,568.296016
288,205.04328094590963,29.653493,568.296016
289,204.25557839346553,29.653493,568.296016
290,203.4736071755416,29.653493,568.296016
291,202.69730604258814,29.653493,568.296016
292,201.92661460709417,29.653493,568.296016
293,201.16147332855476,29.653493,568.296016
294,200.40182349875045,29.653493,568.296016
295,199.64760722733178,29.653493,568.296016
296,198.89876742770184,29.653493,568.296016
297,198.15524780318805,29.653493,568.296016
298,197.41699283349928,29.653493,568.296016
299,196.6839477614572,29.653493,568.296016
300,195.95605858000005,29.653493,568.296016
301,195.23327201944915,29.653493,568.296016
302,194.5155355350332,29.653493,568.296016
303,193.80279729466397,29.653493,568.296016
304,193.09500616695814,29.653493,568.296016
305,192.39211170949812,29.653493,568.296016
306,191.6940641573284,29.653493,568.296016
307,191.00081441168047,29.653493,568.296016
308,190.31231402892018,29.653493,568.296016
309,189.62851520971557,29.653493,568.296016
310,188.949370788417,29.653493,568.296016
311,188.27483422264615,29.653493,568.296016
312,187.60485958308868,29.653493,568.296016
313,186.9394015434863,29.653493,568.296016
314,186.27841537082426,29.653493,568.296016
315,185.62185691570753,29.653493,568.296016
316,184.96968260292448,29.653493,568.296016
317,184.32184942219192,29.653493,568.296016
318,183.67831491907805,29.653493,568.296016
319,183.03903718609843,29.653493,568.296016
320,182.40397485398395,29.653493,568.296016
321,181.77308708311227,29.653493,568.296016
322,181.14633355510463,29.653493,568.296016
323,180.52367446457896,29.653493,568.296016
324,179.905070511061,29.653493,568.296016
325,179.29048289104514,29.653493,568.296016
326,178.6798732902061,29.653493,568.296016
327,178.07320387575425,29.653493,568.296016
328,177.47043728893536,29.653493,568.296016
329,176.87153663766745,29.653493,568.296016
330,176.2764654893157,29.653493,568.296016
331,175.68518786359954,29.653493,568.296016
332,175.09766822563145,29.653493,568.296016
333,174.5138714790822,29.653493,568.296016
334,173.9337629594718,29.653493,568.296016
335,173.35730842758298,29.653493,568.296016
336,172.78447406299372,29.653493,568.296016
337,172.21522645772777,29.653493,568.296016
338,171.64953261001975,29.653493,568.296016
339,171.08735991819225,29.653493,568.296016
340,170.5286761746429,29.653493,568.296016
341,169.97344955993998,29.653493,568.296016
342,169.42164863702334,29.653493,568.296016
343,168.87324234550707,29.653493,568.296016
344,168.3281999960856,29.653493,568.296016
345,167.78649126503726,29.653493,568.296016
346,167.24808618882597,29.653493,568.296016
347,166.7129551587965,29.653493,568.296016
348,166.18106891596506,29.653493,568.296016
349,165.65239854589888,29.653493,568.296016
350,165.12691547368613,29.653493,568.296016
351,164.6045914589944,29.653493,568.296016
352,164.08539859121248,29.653493,568.296016
353,163.56930928467884,29.653493,568.296016
354,163.056296273991,29.653493,568.296016
355,162.54633260939528,29.653493,568.296016
356,162.0393916522572,29.653493,568.296016
357,161.535447070608,29.653493,568.296016
358,161.0344728347678,29.653493,568.296016
359,160.53644321304313,29.653493,568.296016
360,160.0413327674974,29.653493,568.296016
361,159.54911634979305,29.653493,568.296016
362,159.05976909710378,29.653493,568.296016
363,158.57326642809576,29.653493,568.296016
364,158.08958403897608,29.653493,568.296016
365,157.60869789960722,29.653493,568.296016
366,157.130584249687,29.653493,568.296016
367,156.65521959499173,29.653493,568.296016
368,156.1825807036808,29.653493,568.296016
369,155.71264460266465,29.653493,568.296016
370,155.24538857403078,29.653493,568.296016
371,154.78079015152895,29.653493,568.296016
372,154.3188271171151,29.653493,568.296016
373,153.85947749755059,29.653493,568.296016
374,153.40271956105855,29.653493,568.296016
375,152.94853181403218,29.653493,568.296016
376,152.49689299779973,29.653493,568.296016
377,152.04778208543942,29.653493,568.296016
378,151.60117827864664,29.653493,568.296016
379,151.1570610046524,29.653493,568.296016
380,150.7154099131897,29.653493,568.296016
381,150.27620487351058,29.653493,568.296016
382,149.83942597144863,29.653493,568.296016
383,149.40505350653058,29.653493,568.296016
384,148.97306798913186,29.653493,568.296016
385,148.5434501376792,29.653493,568.296016
386,148.1161808758955,29.653493,568.296016
387,147.69124133009,29.653493,568.296016
388,147.26861282648986,29.653493,568.296016
389,146.84827688861463,29.653493,568.296016
390,146.43021523469065,29.653493,568.296016
391,146.01440977510745,29.653493,568.296016
392,145.60084260991195,29.653493,568.296016
393,145.1894960263434,29.653493,568.296016
394,144.78035249640513,29.653493,568.296016
395,144.3733946744747,29.653493,568.296016
396,143.96860539495046,29.653493,568.296016
397,143.56596766993502,29.653493,568.296016
398,143.16546468695307,29.653493,568.296016
399,142.7670798067054,29.653493,568.296016
400,142.37079656085652,29.653493,568.296016
401,141.97659864985627,29.653493,568.296016
402,141.58446994079404,29.653493,568.296016
403,141.19439446528628,29.653493,568.296016
404,140.8063564173955,29.653493,568.296016
405,140.42034015158092,29.653493,568.296016
406,140.03633018067902,29.653493,568.296016
407,139.65431117391643,29.653493,568.296016
408,139.27426795495,29.653493,568.296016
409,138.89618549993838,29.653493,568.296016
410,138.52004893564097,29.653493,568.296016
411,138.14584353754591,29.653493,568.296016
412,137.77355472802495,29.653493,568.296016
413,137.40316807451694,29.653493,568.296016
414,137.0346692877365,29.653493,568.296016
415,136.66804421991063,29.653493,568.296016
416,136.30327886304,29.653493,568.296016
417,135.94035934718661,29.653493,568.296016
418,135.57927193878572,29.653493,568.296016
419,135.22000303898287,29.653493,568.296016
420,134.86253918199526,29.653493,568.296016
421,134.50686703349612,29.653493,568.296016
422,134.15297338902363,29.653493,568.296016
423,133.8008451724113,29.653493,568.296016
424,133.45046943424288,29.653493,568.296016
425,133.1018333503273,29.653493,568.296016
426,132.75492422019778,29.653493,568.296016
427,132.40972946563025,29.653493,568.296016
428,132.06623662918466,29.653493,568.296016
429,131.72443337276584,29.653493,568.296016
430,131.38430747620555,29.653493,568.296016
431,131.0458468358644,29.653493,568.296016
432,130.70903946325348,29.653493,568.296016
433,130.37387348367508,29.653493,568.296016
434,130.04033713488377,29.653493,568.296016
435,129.70841876576466,29.653493,568.296016
436,129.37810683503162,29.653493,568.296016
437,129.04938990994236,29.653493,568.296016
438,128.7222566650329,29.653493,568.296016
439,128.39669588086844,29.653493,568.296016
440,128.07269644281192,29.653493,568.296016
441,127.75024733981,29.653493,568.296016
442,127.42933766319578,29.653493,568.296016
443,127.10995660550724,29.653493,568.296016
444,126.7920934593228,29.653493,568.296016
445,126.47573761611253,29.653493,568.296016
446,126.16087856510579,29.653493,568.296016
447,125.84750589217222,29.653493,568.296016
448,125.5356092787211,29.653493,568.296016
449,125.22517850061318,29.653493,568.296016
450,124.91620342708816,29.653493,568.296016
451,124.60867401970692,29.653493,568.296016
452,124.30258033130818,29.653493,568.296016
453,123.99791250497806,29.653493,568.296016
454,123.69466077303495,29.653493,568.296016
455,123.39281545602734,29.653493,568.296016
456,123.092366961745,29.653493,568.296016
457,122.7933057842435,29.653493,568.296016
458,122.49562250288179,29.653493,568.296016
459,122.1993077813727,29.653493,568.296016
460,121.90435236684564,29.653493,568.296016
461,121.6107470889221,29.653493,568.296016
462,121.31848285880363,29.653493,568.296016
463,121.0275506683708,29.653493,568.296016
464,120.73794158929522,29.653493,568.296016
465,120.44964677216251,29.653493,568.296016
466,120.16265744560725,29.653493,568.296016
467,119.87696491545874,29.653493,568.296016
468,119.59256056389796,29.653493,568.296016
469,119.30943584862617,29.653493,568.296016
470,119.02758230204363,29.653493,568.296016
471,118.74699153043908,29.653493,568.296016
472,118.46765521319007,29.653493,568.296016
473,118.18956510197312,29.653493,568.296016
474,117.91271301998452,29.653493,568.296016
475,117.63709086117102,29.653493,568.296016
476,117.36269058946966,29.653493,568.296016
477,117.08950423805922,29.653493,568.296016
478,116.81752390861884,29.653493,568.296016
479,116.54674177059796,29.653493,568.296016
480,116.27715006049449,29.653493,568.296016
481,116.00874108114297,29.653493,568.296016
482,115.74150720101079,29.653493,568.296016
483,115.47544085350418,29.653493,568.296016
484,115.21053453628265,29.653493,568.296016
485,114.9467808105817,29.653493,568.296016
486,114.6841723005446,29.653493,568.296016
487,114.42270169256236,29.653493,568.296016
488,114.16236173462194,29.653493,568.296016
489,113.90314523566234,29.653493,568.296016
490,113.64504506493942,29.653493,568.296016
491,113.38805415139765,29.653493,568.296016
492,113.1321654830507,29.653493,568.296016
493,112.87737210636872,29.653493,568.296016
494,112.62366712567396,29.653493,568.296016
495,112.37104370254386,29.653493,568.296016
496,112.11949505522033,29.653493,568.296016
497,111.86901445802799,29.653493,568.296016
498,111.6195952407983,29.653493,568.296016
499,111.37123078830139,29.653493,568.296016
500,111.12391453968416,29.653493,568.296016
501,110.87763998791645,29.653493,568.296016
502,110.63240067924231,29.653493,568.296016
503,110.38819021263936,29.653493,568.296016
504,110.14500223928395,29.653493,568.296016
505,109.902830462023,29.653493,568.296016
506,109.66166863485209,29.653493,568.296016
507,109.42151056240041,29.653493,568.296016
508,109.18235009942077,29.653493,568.296016
509,108.94418115028685,29.653493,568.296016
510,108.70699766849592,29.653493,568.296016
511,108.47079365617759,29.653493,568.296016
512,108.23556316360838,29.653493,568.296016
513,108.00130028873261,29.653493,568.296016
514,107.76799917668747,29.653493,568.296016
515,107.53565401933605,29.653493,568.296016
516,107.30425905480368,29.653493,568.296016
517,107.07380856702092,29.653493,568.296016
518,106.84429688527214,29.653493,568.296016
519,106.61571838374823,29.653493,568.296016
520,106.38806748110595,29.653493,568.296016
521,106.1613386400314,29.653493,568.296016
522,105.93552636680943,29.653493,568.296016
523,105.71062521089723,29.653493,568.296016
524,105.48662976450349,29.653493,568.296016
525,105.26353466217263,29.653493,568.296016
526,105.0413345803727,29.653493,568.296016
527,104.82002423708992,29.653493,568.296016
528,104.59959839142596,29.653493,568.296016
529,104.38005184320119,29.653493,568.296016
530,104.16137943256248,29.653493,568.296016
531,103.94357603959415,29.653493,568.296016
532,103.7266365839354,29.653493,568.296016
533,103.51055602440044,29.653493,568.296016
534,103.29532935860384,29.653493,568.296016
535,103.08095162258978,29.653493,568.296016
536,102.86741789046596,29.653493,568.296016
537,102.65472327404134,29.653493,568.296016
538,102.44286292246787,29.653493,568.296016
539,102.23183202188645,29.653493,568.296016
540,102.02162579507723,29.653493,568.296016
541,101.81223950111324,29.653493,568.296016
542,101.60366843501825,29.653493,568.296016
543,101.39590792742858,29.653493,568.296016
544,101.18895334425846,29.653493,568.296016
545,100.98280008636966,29.653493,568.296016
546,100.77744358924359,29.653493,568.296016
547,100.57287932265876,29.653493,568.296016
548,100.36910279037038,29.653493,568.296016
549,100.16610952979451,29.653493,568.296016
550,99.9638951116951,29.653493,568.296016
551,99.76245513987465,29.653493,568.296016
552,99.56178525086867,29.653493,568.296016
553,99.36188111364291,29.653493,568.296016
554,99.16273842929445,29.653493,568.296016
555,98.96435293075568,29.653493,568.296016
556,98.76672038250203,29.653493,568.296016
557,98.56983658026205,29.653493,568.296016
558,98.37369735073172,29.653493,568.296016
559,98.1782985512912,29.653493,568.296016
560,97.98363606972475,29.653493,568.296016
561,97.78970582394392,29.653493,568.296016
562,97.59650376171346,29.653493,568.296016
563,97.40402586038064,29.653493,568.296016
564,97.21226812660687,29.653493,568.296016
565,97.0212265961028,29.653493,568.296016
566,96.83089733336608,29.653493,568.296016
567,96.64127643142187,29.653493,568.296016
568,96.45236001156611,29.653493,568.296016
569,96.26414422311183,29.653493,568.296016
570,96.07662524313758,29.653493,568.296016
571,95.8897992762397,29.653493,568.296016
572,95.7036625542856,29.653493,568.296016
573,95.51821133617115,29.653493,568.296016
574,95.33344190758002,29.653493,568.296016
575,95.14935058074528,29.653493,568.296016
576,94.96593369421416,29.653493,568.296016
577,94.78318761261501,29.653493,568.296016
578,94.60110872642649,29.653493,568.296016
579,94.41969345174981,29.653493,568.296016
580,94.23893823008265,29.653493,568.296016
581,94.05883952809577,29.653493,568.296016
582,93.87939383741238,29.653493,568.296016
583,93.70059767438909,29.653493,568.296016
584,93.5224475798995,29.653493,568.296016
585,93.34494011912022,29.653493,568.296016
586,93.16807188131884,29.653493,568.296016
587,92.99183947964421,29.653493,568.296016
588,92.81623955091904,29.653493,568.296016
589,92.6412687554342,29.653493,568.296016
590,92.4669237767458,29.653493,568.296016
591,92.29320132147387,29.653493,568.296016
592,92.12009811910328,29.653493,568.296016
593,91.94761092178676,29.653493,568.296016
594,91.77573650414973,29.653493,568.296016
595,91.60447166309766,29.653493,568.296016
596,91.43381321762476,29.653493,568.296016
597,91.26375800862475,29.653493,568.296016
598,91.09430289870436,29.653493,568.296016
599,90.92544477199732,29.653493,568.296016
600,90.7571805339816,29.653493,568.296016
601,90.58950711129768,29.653493,568.296016
602,90.42242145156888,29.653493,568.296016
603,90.25592052322374,29.653493,568.296016
604,90.09000131531997,29.653493,568.296016
605,89.92466083736984,29.653493,568.296016
606,89.75989611916827,29.653493,568.296016
607,89.5957042106217,29.653493,568.296016
608,89.43208218157912,29.653493,568.296016
609,89.26902712166493,29.653493,568.296016
610,89.10653614011301,29.653493,568.296016
611,88.94460636560278,29.653493,568.296016
612,88.78323494609714,29.653493,568.296016
613,88.62241904868122,29.653493,568.296016
614,88.46215585940367,29.653493,568.296016
615,88.30244258311889,29.653493,568.296016
616,88.143276443331,29.653493,568.296016
617,87.98465468203952,29.653493,568.296016
618,87.82657455958628,29.653493,568.296016
619,87.66903335450417,29.653493,568.296016
620,87.51202836336711,29.653493,568.296016
621,87.35555690064155,29.653493,568.296016
622,87.19961629853952,29.653493,568.296016
623,87.04420390687335,29.653493,568.296016
624,86.88931709291082,29.653493,568.296016
625,86.7349532412333,29.653493,568.296016
626,86.58110975359392,29.653493,568.296016
627,86.42778404877762,29.653493,568.296016
628,86.27497356246278,29.653493,568.296016
629,86.12267574708382,29.653493,568.296016
630,85.97088807169531,29.653493,568.296016
631,85.81960802183764,29.653493,568.296016
632,85.66883309940314,29.653493,568.296016
633,85.51856082250467,29.653493,568.296016
634,85.36878872534444,29.653493,568.296016
635,85.219514358085,29.653493,568.296016
636,85.07073528672049,29.653493,568.296016
637,84.92244909295007,29.653493,568.296016
638,84.77465337405187,29.653493,568.296016
639,84.62734574275841,29.653493,568.296016
640,84.4805238271335,29.653493,568.296016
641,84.33418527044951,29.653493,568.296016
642,84.18832773106685,29.653493,568.296016
643,84.0429488823138,29.653493,568.296016
644,83.89804641236765,29.653493,568.296016
645,83.75361802413728,29.653493,568.296016
646,83.60966143514639,29.653493,568.296016
647,83.46617437741848,29.653493,568.296016
648,83.32315459736192,29.653493,568.296016
649,83.18059985565719,29.653493,568.296016
650,83.03850792714448,29.653493,568.296016
651,82.89687660071259,29.653493,568.296016
652,82.75570367918853,29.653493,568.296016
653,82.61498697922907,29.653493,568.296016
654,82.47472433121203,29.653493,568.296016
655,82.33491357912979,29.653493,568.296016
656,82.19555258048283,29.653493,568.296016
657,82.05663920617472,29.653493,568.296016
658,81.91817134040828,29.653493,568.296016
659,81.7801468805822,29.653493,568.296016
660,81.64256373718896,29.653493,568.296016
661,81.50541983371372,29.653493,568.296016
662,81.3687131065339,29.653493,568.296016
663,81.23244150481968,29.653493,568.296016
664,81.09660299043588,29.653493,568.296016
665,80.961195537844,29.653493,568.296016
666,80.82621713400621,29.653493,568.296016
667,80.69166577828882,29.653493,568.296016
668,80.55753948236794,29.653493,568.296016
669,80.423836270135,29.653493,568.296016
670,80.2905541776042,29.653493,568.296016
671,80.15769125281963,29.653493,568.296016
672,80.02524555576402,29.653493,568.296016
673,79.89321515826806,29.653493,568.296016
674,79.76159814392064,29.653493,568.296016
675,79.6303926079797,29.653493,568.296016
676,79.49959665728402,29.653493,568.296016
677,79.3692084101662,29.653493,568.296016
678,79.23922599636542,29.653493,568.296016
679,79.109647556942,29.653493,568.296016
680,78.9804712441922,29.653493,568.296016
681,78.85169522156389,29.653493,568.296016
682,78.72331766357313,29.653493,568.296016
683,78.59533675572116,29.653493,568.296016
684,78.46775069441244,29.653493,568.296016
685,78.34055768687337,29.653493,568.296016
686,78.21375595107158,29.653493,568.296016
687,78.08734371563607,29.653493,568.296016
688,77.96131921977799,29.653493,568.296016
689,77.83568071321227,29.653493,568.296016
690,77.71042645607963,29.653493,568.296016
691,77.58555471886964,29.653493,568.296016
692,77.46106378234435,29.653493,568.296016
693,77.33695193746236,29.653493,568.296016
694,77.21321748530379,29.653493,568.296016
695,77.08985873699609,29.653493,568.296016
696,76.96687401363984,29.653493,568.296016
697,76.84426164623595,29.653493,568.296016
698,76.72201997561324,29.653493,568.296016
699,76.6001473523564,29.653493,568.296016
700,76.47864213673472,29.653493,568.296016
701,76.3575026986317,29.653493,568.296016
702,76.236727417475,29.653493,568.296016
703,76.11631468216697,29.653493,568.296016
704,75.99626289101592,29.653493,568.296016
705,75.87657045166803,29.653493,568.296016
706,75.7572357810396,29.653493,568.296016
707,75.63825730525032,29.653493,568.296016
708,75.51963345955653,29.653493,568.296016
709,75.40136268828546,29.653493,568.296016
710,75.28344344477019,29.653493,568.296016
711,75.16587419128447,29.653493,568.296016
712,75.04865339897904,29.653493,568.296016
713,74.93177954781757,29.653493,568.296016
714,74.81525112651403,29.653493,568.296016
715,74.69906663246967,29.653493,568.296016
716,74.58322457171133,29.653493,568.296016
717,74.46772345883016,29.653493,568.296016
718,74.35256181691994,29.653493,568.296016
719,74.23773817751754,29.653493,568.296016
720,74.12325108054223,29.653493,568.296016
721,74.0090990742369,29.653493,568.296016
722,73.8952807151087,29.653493,568.296016
723,73.78179456787097,29.653493,568.296016
724,73.6686392053848,29.653493,568.296016
725,73.55581320860229,29.653493,568.296016
726,73.44331516650904,29.653493,568.296016
727,73.33114367606801,29.653493,568.296016
728,73.2192973421633,29.653493,568.296016
729,73.107774777545,29.653493,568.296016
730,72.99657460277345,29.653493,568.296016
731,72.88569544616539,29.653493,568.296016
732,72.77513594373937,29.653493,568.296016
733,72.66489473916212,29.653493,568.296016
734,72.55497048369537,29.653493,568.296016
735,72.44536183614312,29.653493,568.296016
736,72.33606746279916,29.653493,568.296016
737,72.22708603739503,29.653493,568.296016
738,72.11841624104862,29.653493,568.296016
739,72.01005676221345,29.653493,568.296016
740,71.90200629662732,29.653493,568.296016
741,71.79426354726259,29.653493,568.296016
742,71.68682722427626,29.653493,568.296016
743,71.57969604496051,29.653493,568.296016
744,71.47286873369349,29.653493,568.296016
745,71.3663440218912,29.653493,568.296016
746,71.26012064795883,29.653493,568.296016
747,71.15419735724305,29.653493,568.296016
748,71.04857290198481,29.653493,568.296016
749,70.94324604127203,29.653493,568.296016
750,70.83821554099327,29.653493,568.296016
751,70.733480173791,29.653493,568.296016
752,70.62903871901597,29.653493,568.296016
753,70.52488996268194,29.653493,568.296016
754,70.42103269741988,29.653493,568.296016
755,70.31746572243398,29.653493,568.296016
756,70.21418784345643,29.653493,568.296016
757,70.11119787270377,29.653493,568.296016
758,70.00849462883346,29.653493,568.296016
759,69.90607693689975,29.653493,568.296016
760,69.80394362831139,29.653493,568.296016
761,69.70209354078841,29.653493,568.296016
762,69.60052551832052,29.653493,568.296016
763,69.4992384111241,29.653493,568.296016
764,69.39823107560137,29.653493,568.296016
765,69.29750237429897,29.653493,568.296016
766,69.19705117586653,29.653493,568.296016
767,69.09687635501643,29.653493,568.296016
768,68.99697679248327,29.653493,568.296016
769,68.89735137498387,29.653493,568.296016
770,68.79799899517774,29.653493,568.296016
771,68.6989185516274,29.653493,568.296016
772,68.6001089487596,29.653493,568.296016
773,68.50156909682615,29.653493,568.296016
774,68.403297911866,29.653493,568.296016
775,68.30529431566677,29.653493,568.296016
776,68.20755723572675,29.653493,568.296016
777,68.11008560521763,29.653493,568.296016
778,68.01287836294722,29.653493,568.296016
779,67.91593445332225,29.653493,568.296016
780,67.81925282631187,29.653493,568.296016
781,67.72283243741117,29.653493,568.296016
782,67.62667224760523,29.653493,568.296016
783,67.53077122333302,29.653493,568.296016
784,67.43512833645211,29.653493,568.296016
785,67.33974256420319,29.653493,568.296016
786,67.24461288917526,29.653493,568.296016
787,67.14973829927085,29.653493,568.296016
788,67.05511778767136,29.653493,568.296016
789,66.96075035280322,29.653493,568.296016
790,66.86663499830368,29.653493,568.296016
791,66.77277073298715,29.653493,568.296016
792,66.67915657081222,29.653493,568.296016
793,66.58579153084783,29.653493,568.296016
794,66.49267463724088,29.653493,568.296016
795,66.39980491918341,29.653493,568.296016
796,66.30718141088037,29.653493,568.296016
797,66.21480315151722,29.653493,568.296016
798,66.12266918522809,29.653493,568.296016
799,66.03077856106448,29.653493,568.296016
800,65.93913033296333,29.653493,568.296016
801,65.8477235597163,29.653493,568.296016
802,65.75655730493847,29.653493,568.296016
803,65.66563063703789,29.653493,568.296016
804,65.57494262918507,29.653493,568.296016
805,65.48449235928268,29.653493,568.296016
806,65.39427890993558,29.653493,568.296016
807,65.30430136842111,29.653493,568.296016
808,65.21455882665943,29.653493,568.296016
809,65.12505038118424,29.653493,568.296016
810,65.03577513311367,29.653493,568.296016
811,64.94673218812153,29.653493,568.296016
812,64.85792065640837,29.653493,568.296016
813,64.76933965267324,29.653493,568.296016
814,64.68098829608523,29.653493,568.296016
815,64.59286571025594,29.653493,568.296016
816,64.50497102321091,29.653493,568.296016
817,64.4173033673627,29.653493,568.296016
818,64.3298618794831,29.653493,568.296016
819,64.24264570067594,29.653493,568.296016
820,64.15565397635041,29.653493,568.296016
821,64.06888585619376,29.653493,568.296016
822,63.98234049414521,29.653493,568.296016
823,63.896017048369146,29.653493,568.296016
824,63.8099146812292,29.653493,568.296016
825,63.72403255926212,29.653493,568.296016
826,63.638369853151936,29.653493,568.296016
827,63.55292573770432,29.653493,568.296016
828,63.467699391821284,29.653493,568.296016
829,63.38268999847582,29.653493,568.296016
830,63.29789674468664,29.653493,568.296016
831,63.2133188214939,29.653493,568.296016
832,63.12895542393373,29.653493,568.296016
833,63.0448057510143,29.653493,568.296016
834,62.96086900569132,29.653493,568.296016
835,62.87714439484361,29.653493,568.296016
836,62.79363112924966,29.653493,568.296016
837,62.71032842356327,29.653493,568.296016
838,62.62723549629029,29.653493,568.296016
839,62.544351569764906,29.653493,568.296016
840,62.46167587012664,29.653493,568.296016
841,62.379207627296964,29.653493,568.296016
842,62.29694607495647,29.653493,568.296016
843,62.21489045052199,29.653493,568.296016
844,62.133039995124214,29.653493,568.296016
845,62.05139395358484,29.653493,568.296016
846,61.96995157439475,29.653493,568.296016
847,61.8887121096913,29.653493,568.296016
848,61.807674815236986,29.653493,568.296016
849,61.72683895039712,29.653493,568.296016
850,61.64620377811843,29.653493,568.296016
851,61.565768564907366,29.653493,568.296016
852,61.485532580809135,29.653493,568.296016
853,61.405495099385845,29.653493,568.296016
854,61.32565539769628,29.653493,568.296016
855,61.246012756274155,29.653493,568.296016
856,61.166566459108054,29.653493,568.296016
857,61.08731579362042,29.653493,568.296016
858,61.00826005064736,29.653493,568.296016
859,60.92939852441816,29.653493,568.296016
860,60.8507305125351,29.653493,568.296016
861,60.77225531595378,29.653493,568.296016
862,60.69397223896257,29.653493,568.296016
863,60.61588058916365,29.653493,568.296016
864,60.53797967745289,29.653493,568.296016
865,60.460268818000586,29.653493,568.296016
866,60.38274732823203,29.653493,568.296016
867,60.305414528808456,29.653493,568.296016
868,60.228269743607925,29.653493,568.296016
869,60.15131229970637,29.653493,568.296016
870,60.07454152735892,29.653493,568.296016
871,59.99795675998114,29.653493,568.296016
872,59.92155733413057,29.653493,568.296016
873,59.84534258948825,29.653493,568.296016
874,59.76931186884061,29.653493,568.296016
875,59.6934645180612,29.653493,568.296016
876,59.61779988609272,29.653493,568.296016
877,59.54231732492919,29.653493,568.296016
878,59.467016189598105,29.653493,568.296016
879,59.39189583814287,29.653493,568.296016
880,59.31695563160525,29.653493,568.296016
881,59.2421949340079,29.653493,568.296016
882,59.16761311233731,29.653493,568.296016
883,59.09320953652643,29.653493,568.296016
884,59.01898357943772,29.653493,568.296016
885,58.94493461684639,29.653493,568.296016
886,58.8710620274233,29.653493,568.296016
887,58.797365192718544,29.653493,568.296016
888,58.723843497144564,29.653493,568.296016
889,58.6504963279602,29.653493,568.296016
890,58.577323075253794,29.653493,568.296016
891,58.50432313192736,29.653493,568.296016
892,58.43149589368018,29.653493,568.296016
893,58.35884075899323,29.653493,568.296016
894,58.286357129112574,29.653493,568.296016
895,58.214044408034376,29.653493,568.296016
896,58.14190200248854,29.653493,568.296016
897,58.06992932192368,29.653493,568.296016
898,57.99812577849109,29.653493,568.296016
899,57.92649078703006,29.653493,568.296016
900,57.855023765051875,29.653493,568.296016
901,57.78372413272528,29.653493,568.296016
902,57.71259131286111,29.653493,568.296016
903,57.641624730897185,29.653493,568.296016
904,57.57082381488408,29.653493,568.296016
905,57.50018799546961,29.653493,568.296016
906,57.429716705884694,29.653493,568.296016
907,57.35940938192858,29.653493,568.296016
908,57.28926546195458,29.653493,568.296016
909,57.219284386855435,29.653493,568.296016
910,57.1494656000493,29.653493,568.296016
911,57.07980854746536,29.653493,568.296016
912,57.010312677530074,29.653493,568.296016
913,56.940977441152924,29.653493,568.296016
914,56.87180229171249,29.653493,568.296016
915,56.80278668504298,29.653493,568.296016
916,56.733930079420304,29.653493,568.296016
917,56.66523193554827,29.653493,568.296016
918,56.59669171654566,29.653493,568.296016
919,56.52830888793216,29.653493,568.296016
920,56.460082917615516,29.653493,568.296016
921,56.39201327587778,29.653493,568.296016
922,56.32409943536274,29.653493,568.296016
923,56.25634087106242,29.653493,568.296016
924,56.18873706030427,29.653493,568.296016
925,56.121287482738026,29.653493,568.296016
926,56.053991620323444,29.653493,568.296016
927,55.9868489573169,29.653493,568.296016
928,55.919858980259036,29.653493,568.296016
929,55.85302117796253,29.653493,568.296016
930,55.78633504149894,29.653493,568.296016
931,55.71980006418679,29.653493,568.296016
932,55.653415741579124,29.653493,568.296016
933,55.587181571451225,29.653493,568.296016
934,55.5210970537886,29.653493,568.296016
935,55.45516169077464,29.653493,568.296016
936,55.3893749867788,29.653493,568.296016
937,55.32373644834468,29.653493,568.296016
938,55.25824558417829,29.653493,568.296016
939,55.19290190513579,29.653493,568.296016
940,55.127704924212416,29.653493,568.296016
941,55.06265415653058,29.653493,568.296016
942,54.997749119328304,29.653493,568.296016
943,54.93298933194775,29.653493,568.296016
944,54.868374315824,29.653493,568.296016
945,54.80390359447347,29.653493,568.296016
946,54.739576693482924,29.653493,568.296016
947,54.67539314049815,29.653493,568.296016
948,54.611352465212946,29.653493,568.296016
949,54.547454199358015,29.653493,568.296016
950,54.483697876689995,29.653493,568.296016
951,54.42008303298072,29.653493,568.296016
952,54.356609206006226,29.653493,568.296016
953,54.293275935536116,29.653493,568.296016
954,54.230082763322876,29.653493,568.296016
955,54.16702923309115,29.653493,568.296016
956,54.104114890527356,29.653493,568.296016
957,54.04133928326913,29.653493,568.296016
958,53.978701960894924,29.653493,568.296016
959,53.91620247491362,29.653493,568.296016
960,53.85384037875439,29.653493,568.296016
961,53.79161522775632,29.653493,568.296016
962,53.72952657915833,29.653493,568.296016
963,53.66757399208915,29.653493,568.296016
964,53.605757027557296,29.653493,568.296016
965,53.544075248440954,29.653493,568.296016
966,53.48252821947831,29.653493,568.296016
967,53.42111550725756,29.653493,568.296016
968,53.359836680207245,29.653493,568.296016
969,53.29869130858649,29.653493,568.296016
970,53.23767896447536,29.653493,568.296016
971,53.17679922176535,29.653493,568.296016
972,53.11605165614967,29.653493,568.296016
973,53.05543584511408,29.653493,568.296016
974,52.994951367927264,29.653493,568.296016
975,52.93459780563142,29.653493,568.296016
976,52.8743747410333,29.653493,568.296016
977,52.81428175869463,29.653493,568.296016
978,52.75431844492315,29.653493,568.296016
979,52.69448438776343,29.653493,568.296016
980,52.63477917698776,29.653493,568.296016
981,52.57520240408734,29.653493,568.296016
982,52.515753662263116,29.653493,568.296016
983,52.45643254641693,29.653493,568.296016
984,52.39723865314288,29.653493,568.296016
985,52.3381715807183,29.653493,568.296016
986,52.27923092909518,29.653493,568.296016
987,52.220416299891326,29.653493,568.296016
988,52.16172729638215,29.653493,568.296016
989,52.103163523491496,29.653493,568.296016
990,52.04472458778368,29.653493,568.296016
991,51.98641009745471,29.653493,568.296016
992,51.92821966232408,29.653493,568.296016
993,51.87015289382619,29.653493,568.296016
994,51.812209405002214,29.653493,568.296016
995,51.75438881049186,29.653493,568.296016
996,51.696690726525034,29.653493,568.296016
997,51.63911477091385,29.653493,568.296016
998,51.58166056304434,29.653493,568.296016
999,51.52432772386862,29.653493,568.296016
1000,51.46711587589667,29.653493,568.296016
1001,51.4100246431886,29.653493,568.296016
1002,51.353053651346556,29.653493,568.296016
1003,51.296202527506935,29.653493,568.296016
1004,51.2394709003326,29.653493,568.296016
1005,51.182858400005095,29.653493,568.296016
1006,51.12636465821698,29.653493,568.296016
1007,51.069989308164025,29.653493,568.296016
1008,51.01373198453774,29.653493,568.296016
1009,50.95759232351772,29.653493,568.296016
1010,50.901569962764185,29.653493,568.296016
1011,50.84566454141036,29.653493,568.296016
1012,50.789875700055205,29.653493,568.296016
1013,50.73420308075589,29.653493,568.296016
1014,50.678646327020594,29.653493,568.296016
1015,50.623205083800926,29.653493,568.296016
1016,50.56787899748495,29.653493,568.296016
1017,50.51266771588991,29.653493,568.296016
1018,50.45757088825488,29.653493,568.296016
1019,50.40258816523387,29.653493,568.296016
1020,50.34771919888856,29.653493,568.296016
1021,50.29296364268133,29.653493,568.296016
1022,50.23832115146826,29.653493,568.296016
1023,50.18379138149218,29.653493,568.296016
1024,50.129373990375655,29.653493,568.296016
1025,50.07506863711419,29.653493,568.296016
1026,50.020874982069444,29.653493,568.296016
1027,49.96679268696232,29.653493,568.296016
1028,49.912821414866215,29.653493,568.296016
1029,49.85896083020044,29.653493,568.296016
1030,49.80521059872331,29.653493,568.296016
1031,49.75157038752578,29.653493,568.296016
1032,49.69803986502462,29.653493,568.296016
1033,49.64461870095598,29.653493,568.296016
1034,49.59130656636881,29.653493,568.296016
1035,49.53810313361839,29.653493,568.296016
1036,49.48500807635996,29.653493,568.296016
1037,49.432021069542195,29.653493,568.296016
1038,49.37914178940092,29.653493,568.296016
1039,49.32636991345276,29.653493,568.296016
1040,49.27370512048876,29.653493,568.296016
1041,49.22114709056834,29.653493,568.296016
1042,49.16869550501287,29.653493,568.296016
1043,49.11635004639953,29.653493,568.296016
1044,49.06411039855529,29.653493,568.296016
1045,49.01197624655062,29.653493,568.296016
1046,48.959947276693505,29.653493,568.296016
1047,48.90802317652343,29.653493,568.296016
1048,48.85620363480531,29.653493,568.296016
1049,48.804488341523644,29.653493,568.296016
1050,48.752876987876334,29.653493,568.296016
1051,48.70136926626905,29.653493,568.296016
1052,48.64996487030918,29.653493,568.296016
1053,48.59866349480021,29.653493,568.296016
1054,48.547464835735596,29.653493,568.296016
1055,48.496368590293315,29.653493,568.296016
1056,48.445374456829995,29.653493,568.296016
1057,48.39448213487513,29.653493,568.296016
1058,48.343691325125704,29.653493,568.296016
1059,48.293001729440185,29.653493,568.296016
1060,48.24241305083321,29.653493,568.296016
1061,48.19192499346985,29.653493,568.296016
1062,48.14153726266016,29.653493,568.296016
1063,48.09124956485373,29.653493,568.296016
1064,48.04106160763405,29.653493,568.296016
1065,47.99097309971314,29.653493,568.296016
1066,47.94098375092621,29.653493,568.296016
1067,47.891093272226215,29.653493,568.296016
1068,47.841301375678505,29.653493,568.296016
1069,47.791607774455514,29.653493,568.296016
1070,47.742012182831445,29.653493,568.296016
1071,47.692514316177196,29.653493,568.296016
1072,47.643113890954794,29.653493,568.296016
1073,47.59381062471248,29.653493,568.296016
1074,47.544604236079394,29.653493,568.296016
1075,47.49549444476064,29.653493,568.296016
1076,47.44648097153181,29.653493,568.296016
1077,47.39756353823431,29.653493,568.296016
1078,47.348741867769974,29.653493,568.296016
1079,47.30001568409629,29.653493,568.296016
1080,47.25138471222123,29.653493,568.296016
1081,47.2028486781984,29.653493,568.296016
1082,47.154407309122064,29.653493,568.296016
1083,47.10606033312219,29.653493,568.296016
1084,47.05780747935958,29.653493,568.296016
1085,47.00964847802116,29.653493,568.296016
1086,46.961583060314915,29.653493,568.296016
1087,46.91361095846522,29.653493,568.296016
1088,46.86573190570807,29.653493,568.296016
1089,46.81794563628636,29.653493,568.296016
1090,46.77025188544503,29.653493,568.296016
1091,46.722650389426484,29.653493,568.296016
1092,46.67514088546598,29.653493,568.296016
1093,46.62772311178681,29.653493,568.296016
1094,46.58039680759576,29.653493,568.296016
1095,46.53316171307866,29.653493,568.296016
1096,46.48601756939562,29.653493,568.296016
1097,46.43896411867656,29.653493,568.296016
1098,46.39200110401676,29.653493,568.296016
1099,46.34512826947227,29.653493,568.296016
1100,46.2983453600555,29.653493,568.296016
1101,46.25165212173082,29.653493,568.296016
1102,46.205048301410066,29.653493,568.296016
1103,46.15853364694819,29.653493,568.296016
1104,46.11210790713888,29.653493,568.296016
1105,46.06577083171027,29.653493,568.296016
1106,46.01952217132056,29.653493,568.296016
1107,45.97336167755371,29.653493,568.296016
1108,45.92728910291531,29.653493,568.296016
1109,45.881304200828055,29.653493,568.296016
1110,45.83540672562789,29.653493,568.296016
1111,45.78959643255948,29.653493,568.296016
1112,45.7438730777722,29.653493,568.296016
1113,45.698236418315965,29.653493,568.296016
1114,45.65268621213712,29.653493,568.296016
1115,45.607222218074234,29.653493,568.296016
1116,45.56184419585412,29.653493,568.296016
1117,45.51655190608769,29.653493,568.296016
1118,45.47134511026601,29.653493,568.296016
1119,45.42622357075611,29.653493,568.296016
1120,45.38118705079722,29.653493,568.296016
1121,45.33623531449666,29.653493,568.296016
1122,45.29136812682583,29.653493,568.296016
1123,45.24658525361641,29.653493,568.296016
1124,45.20188646155635,29.653493,568.296016
1125,45.15727151818603,29.653493,568.296016
1126,45.1127401918944,29.653493,568.296016
1127,45.06829225191505,29.653493,568.296016
1128,45.02392746832254,29.653493,568.296016
1129,44.9796456120284,29.653493,568.296016
1130,44.93544645477752,29.653493,568.296016
1131,44.89132976914426,29.653493,568.296016
1132,44.84729532852875,29.653493,568.296016
1133,44.80334290715323,29.653493,568.296016
1134,44.75947228005821,29.653493,568.296016
1135,44.71568322309891,29.653493,568.296016
1136,44.67197551294152,29.653493,568.296016
1137,44.62834892705954,29.653493,568.296016
1138,44.584803243730335,29.653493,568.296016
1139,44.541338242031216,29.653493,568.296016
1140,44.49795370183614,29.653493,568.296016
1141,44.454649403811985,29.653493,568.296016
1142,44.41142512941504,29.653493,568.296016
1143,44.36828066088753,29.653493,568.296016
1144,44.32521578125401,29.653493,568.296016
1145,44.282230274317904,29.653493,568.296016
1146,44.23932392465808,29.653493,568.296016
1147,44.196496517625384,29.653493,568.296016
1148,44.15374783933912,29.653493,568.296016
1149,44.11107767668378,29.653493,568.296016
1150,44.068485817305415,29.653493,568.296016
1151,44.0259720496086,29.653493,568.296016
1152,43.983536162752685,29.653493,568.296016
1153,43.94117794664874,29.653493,568.296016
1154,43.898897191956074,29.653493,568.296016
1155,43.85669369007897,29.653493,568.296016
1156,43.81456723316336,29.653493,568.296016
1157,43.77251761409366,29.653493,568.296016
1158,43.73054462648938,29.653493,568.296016
1159,43.688648064701894,29.653493,568.296016
1160,43.64682772381135,29.653493,568.296016
1161,43.60508339962329,29.653493,568.296016
1162,43.56341488866555,29.653493,568.296016
1163,43.5218219881851,29.653493,568.296016
1164,43.48030449614484,29.653493,568.296016
1165,43.43886221122046,29.653493,568.296016
1166,43.39749493279742,29.653493,568.296016
1167,43.356202460967644,29.653493,568.296016
1168,43.314984596526614,29.653493,568.296016
1169,43.27384114097019,29.653493,568.296016
1170,43.23277189649163,29.653493,568.296016
1171,43.191776665978445,29.653493,568.296016
1172,43.150855253009475,29.653493,568.296016
1173,43.11000746185181,29.653493,568.296016
1174,43.06923309745776,29.653493,568.296016
1175,43.02853196546203,29.653493,568.296016
1176,42.987903872178606,29.653493,568.296016
1177,42.947348624597836,29.653493,568.296016
1178,42.90686603038351,29.653493,568.296016
1179,42.866455897870026,29.653493,568.296016
1180,42.826118036059306,29.653493,568.296016
1181,42.78585225461801,29.653493,568.296016
1182,42.74565836387477,29.653493,568.296016
1183,42.70553617481706,29.653493,568.296016
1184,42.66548549908863,29.653493,568.296016
1185,42.6255061489865,29.653493,568.296016
1186,42.58559793745823,29.653493,568.296016
1187,42.54576067809906,29.653493,568.296016
1188,42.505994185149206,29.653493,568.296016
1189,42.46629827349098,29.653493,568.296016
1190,42.42667275864614,29.653493,568.296016
1191,42.387117456773055,29.653493,568.296016
1192,42.34763218466401,29.653493,568.296016
1193,42.308216759742564,29.653493,568.296016
1194,42.26887100006074,29.653493,568.296016
1195,42.22959472429635,29.653493,568.296016
1196,42.19038775175038,29.653493,568.296016
1197,42.151249902344325,29.653493,568.296016
1198,42.11218099661745,29.653493,568.296016
1199,42.073180855724296,29.653493,568.296016
1200,42.03424930143196,29.653493,568.296016
1201,41.99538615611751,29.653493,568.296016
1202,41.9565912427654,29.653493,568.296016
1203,41.91786438496487,29.653493,568.296016
1204,41.87920540690743,29.653493,568.296016
1205,41.84061413338428,29.653493,568.296016
1206,41.8020903897837,29.653493,568.296016
1207,41.763634002088686,29.653493,568.296016
1208,41.72524479687425,29.653493,568.296016
1209,41.68692260130502,29.653493,568.296016
1210,41.6486672431327,29.653493,568.296016
1211,41.610478550693706,29.653493,568.296016
1212,41.57235635290653,29.653493,568.296016
1213,41.53430047926944,29.653493,568.296016
1214,41.49631075985793,29.653493,568.296016
1215,41.458387025322395,29.653493,568.296016
1216,41.420529106885546,29.653493,568.296016
1217,41.382736836340214,29.653493,568.296016
1218,41.34501004604683,29.653493,568.296016
1219,41.30734856893111,29.653493,568.296016
1220,41.269752238481615,29.653493,568.296016
1221,41.232220888747406,29.653493,568.296016
1222,41.19475435433583,29.653493,568.296016
1223,41.157352470409954,29.653493,568.296016
1224,41.12001507268649,29.653493,568.296016
1225,41.082741997433324,29.653493,568.296016
1226,41.045533081467255,29.653493,568.296016
1227,41.00838816215179,29.653493,568.296016
1228,40.97130707739463,29.653493,568.296016
1229,40.93428966564582,29.653493,568.296016
1230,40.89733576589505,29.653493,568.296016
1231,40.8604452176697,29.653493,568.296016
1232,40.823617861032574,29.653493,568.296016
1233,40.78685353657953,29.653493,568.296016
1234,40.750152085437435,29.653493,568.296016
1235,40.71351334926186,29.653493,568.296016
1236,40.676937170235064,29.653493,568.296016
1237,40.64042339106358,29.653493,568.296016
1238,40.603971854976194,29.653493,568.296016
1239,40.567582405721794,29.653493,568.296016
1240,40.53125488756718,29.653493,568.296016
1241,40.494989145294944,29.653493,568.296016
1242,40.45878502420134,29.653493,568.296016
1243,40.42264237009423,29.653493,568.296016
1244,40.38656102929094,29.653493,568.296016
1245,40.35054084861608,29.653493,568.296016
1246,40.31458167539965,29.653493,568.296016
1247,40.278683357474804,29.653493,568.296016
1248,40.242845743175906,29.653493,568.296016
1249,40.20706868133634,29.653493,568.296016
1250,40.171352021286715,29.653493,568.296016
1251,40.135695612852544,29.653493,568.296016
1252,40.100099306352334,29.653493,568.296016
1253,40.06456295259573,29.653493,568.296016
1254,40.02908640288124,29.653493,568.296016
1255,39.99366950899455,29.653493,568.296016
1256,39.95831212320621,29.653493,568.296016
1257,39.92301409826992,29.653493,568.296016
1258,39.88777528742045,29.653493,568.296016
1259,39.852595544371766,29.653493,568.296016
1260,39.81747472331497,29.653493,568.296016
1261,39.78241267891647,29.653493,568.296016
1262,39.74740926631599,29.653493,568.296016
1263,39.71246434112473,29.653493,568.296016
1264,39.677577759423336,29.653493,568.296016
1265,39.64274937776018,29.653493,568.296016
1266,39.60797905314929,29.653493,568.296016
1267,39.57326664306859,29.653493,568.296016
1268,39.53861200545796,29.653493,568.296016
1269,39.50401499871753,29.653493,568.296016
1270,39.469475481705494,29.653493,568.296016
1271,39.434993313736655,29.653493,568.296016
1272,39.400568354580386,29.653493,568.296016
1273,39.36620046445882,29.653493,568.296016
1274,39.331889504045,29.653493,568.296016
1275,39.297635334461226,29.653493,568.296016
1276,39.2634378172771,29.653493,568.296016
1277,39.22929681450771,29.653493,568.296016
1278,39.195212188612096,29.653493,568.296016
1279,39.16118380249119,29.653493,568.296016
1280,39.127211519486174,29.653493,568.296016
1281,39.09329520337676,29.653493,568.296016
1282,39.059434718379364,29.653493,568.296016
1283,39.025629929145474,29.653493,568.296016
1284,38.99188070075973,29.653493,568.296016
1285,38.958186898738404,29.653493,568.296016
1286,38.924548389027606,29.653493,568.296016
1287,38.890965038001525,29.653493,568.296016
1288,38.857436712460824,29.653493,568.296016
1289,38.823963279630846,29.653493,568.296016
1290,38.790544607160044,29.653493,568.296016
1291,38.75718056311824,29.653493,568.296016
1292,38.7238710159949,29.653493,568.296016
1293,38.69061583469765,29.653493,568.296016
1294,38.65741488855045,29.653493,568.296016
1295,38.624268047292034,29.653493,568.296016
1296,38.59117518107428,29.653493,568.296016
1297,38.558136160460535,29.653493,568.296016
1298,38.52515085642403,29.653493,568.296016
1299,38.49221914034627,29.653493,568.296016
1300,38.45934088401542,29.653493,568.296016
1301,38.426515959624695,29.653493,568.296016
1302,38.39374423977078,29.653493,568.296016
1303,38.36102559745226,29.653493,568.296016
1304,38.328359906068044,29.653493,568.296016
1305,38.29574703941578,29.653493,568.296016
1306,38.26318687169027,29.653493,568.296016
1307,38.230679277482004,29.653493,568.296016
1308,38.19822413177553,29.653493,568.296016
1309,38.16582130994795,29.653493,568.296016
1310,38.13347068776736,29.653493,568.296016
1311,38.101172141391444,29.653493,568.296016
1312,38.068925547365716,29.653493,568.296016
1313,38.036730782622286,29.653493,568.296016
1314,38.00458772447815,29.653493,568.296016
1315,37.97249625063381,29.653493,568.296016
1316,37.940456239171766,29.653493,568.296016
1317,37.90846756855495,29.653493,568.296016
1318,37.87653011762536,29.653493,568.296016
1319,37.84464376560254,29.653493,568.296016
1320,37.81280839208212,29.653493,568.296016
1321,37.781023877034364,29.653493,568.296016
1322,37.74929010080279,29.653493,568.296016
1323,37.717606944102535,29.653493,568.296016
1324,37.685974288019125,29.653493,568.296016
1325,37.654392014007,29.653493,568.296016
1326,37.622860003888,29.653493,568.296016
1327,37.59137813985005,29.653493,568.296016
1328,37.55994630444568,29.653493,568.296016
1329,37.528564380590716,29.653493,568.296016
1330,37.49723225156275,29.653493,568.296016
1331,37.46594980099987,29.653493,568.296016
1332,37.434716912899226,29.653493,568.296016
1333,37.403533471615674,29.653493,568.296016
1334,37.37239936186035,29.653493,568.296016
1335,37.341314468699395,29.653493,568.296016
1336,37.310278677552546,29.653493,568.296016
1337,37.279291874191735,29.653493,568.296016
1338,37.248353944739875,29.653493,568.296016
1339,37.21746477566935,29.653493,568.296016
1340,37.18662425380089,29.653493,568.296016
1341,37.15583226630201,29.653493,568.296016
1342,37.125088700685936,29.653493,568.296016
1343,37.09439344481004,29.653493,568.296016
1344,37.0637463868747,29.653493,568.296016
1345,37.03314741542198,29.653493,568.296016
1346,37.00259641933428,29.653493,568.296016
1347,36.97209328783306,29.653493,568.296016
1348,36.941637910477574,29.653493,568.296016
1349,36.911230177163574,29.653493,568.296016
1350,36.88086997812202,29.653493,568.296016
1351,36.85055720391786,29.653493,568.296016
1352,36.820291745448756,29.653493,568.296016
1353,36.79007349394377,29.653493,568.296016
1354,36.759902340962185,29.653493,568.296016
1355,36.72977817839221,29.653493,568.296016
1356,36.699700898449805,29.653493,568.296016
1357,36.6696703936773,29.653493,568.296016
1358,36.639686556942394,29.653493,568.296016
1359,36.60974928143673,29.653493,568.296016
1360,36.57985846067478,29.653493,568.296016
1361,36.55001398849256,29.653493,568.296016
1362,36.52021575904657,29.653493,568.296016
1363,36.4904636668124,29.653493,568.296016
1364,36.46075760658365,29.653493,568.296016
1365,36.431097473470764,29.653493,568.296016
1366,36.401483162899716,29.653493,568.296016
1367,36.37191457061099,29.653493,568.296016
1368,36.34239159265828,29.653493,568.296016
1369,36.312914125407396,29.653493,568.296016
1370,36.28348206553506,29.653493,568.296016
1371,36.254095310027715,29.653493,568.296016
1372,36.22475375618049,29.653493,568.296016
1373,36.19545730159596,29.653493,568.296016
1374,36.16620584418296,29.653493,568.296016
1375,36.13699928215558,29.653493,568.296016
1376,36.10783751403193,29.653493,568.296016
1377,36.078720438633,29.653493,568.296016
1378,36.04964795508162,29.653493,568.296016
1379,36.02061996280131,29.653493,568.296016
1380,35.99163636151512,29.653493,568.296016
1381,35.96269705124456,29.653493,568.296016
1382,35.933801932308484,29.653493,568.296016
1383,35.90495090532205,29.653493,568.296016
1384,35.876143871195474,29.653493,568.296016
1385,35.84738073113316,29.653493,568.296016
1386,35.81866138663243,29.653493,568.296016
1387,35.7899857394825,29.653493,568.296016
1388,35.76135369176345,29.653493,568.296016
1389,35.73276514584514,29.653493,568.296016
1390,35.7042200043861,29.653493,568.296016
1391,35.67571817033244,29.653493,568.296016
1392,35.64725954691695,29.653493,568.296016
1393,35.618844037657894,29.653493,568.296016
1394,35.59047154635799,29.653493,568.296016
1395,35.562141977103515,29.653493,568.296016
1396,35.53385523426297,29.653493,568.296016
1397,35.50561122248638,29.653493,568.296016
1398,35.47740984670403,29.653493,568.296016
1399,35.44925101212553,29.653493,568.296016
1400,35.421134624238796,29.653493,568.296016
1401,35.39306058880906,29.653493,568.296016
1402,35.36502881187776,29.653493,568.296016
1403,35.33703919976165,29.653493,568.296016
1404,35.30909165905168,29.653493,568.296016
1405,35.281186096612196,29.653493,568.296016
1406,35.25332241957967,29.653493,568.296016
1407,35.22550053536192,29.653493,568.296016
1408,35.19772035163708,29.653493,568.296016
1409,35.169981776352586,29.653493,568.296016
1410,35.14228471772422,29.653493,568.296016
1411,35.11462908423509,29.653493,568.296016
1412,35.087014784634796,29.653493,568.296016
1413,35.05944172793827,29.653493,568.296016
1414,35.031909823425046,29.653493,568.296016
1415,35.00441898063805,29.653493,568.296016
1416,34.976969109382914,29.653493,568.296016
1417,34.94956011972675,29.653493,568.296016
1418,34.922191921997516,29.653493,568.296016
1419,34.89486442678278,29.653493,568.296016
1420,34.867577544929,29.653493,568.296016
1421,34.840331187540464,29.653493,568.296016
1422,34.81312526597845,29.653493,568.296016
1423,34.78595969186024,29.653493,568.296016
1424,34.75883437705827,29.653493,568.296016
1425,34.73174923369912,29.653493,568.296016
1426,34.70470417416267,29.653493,568.296016
1427,34.677699111081196,29.653493,568.296016
1428,34.6507339573384,29.653493,568.296016
1429,34.62380862606866,29.653493,568.296016
1430,34.59692303065594,29.653493,568.296016
1431,34.57007708473302,29.653493,568.296016
1432,34.5432707021806,29.653493,568.296016
1433,34.51650379712637,29.653493,568.296016
1434,34.48977628394417,29.653493,568.296016
1435,34.463088077253126,29.653493,568.296016
1436,34.436439091916675,29.653493,568.296016
1437,34.40982924304188,29.653493,568.296016
1438,34.38325844597834,29.653493,568.296016
1439,34.35672661631754,29.653493,568.296016
1440,34.33023366989184,29.653493,568.296016
1441,34.30377952277373,29.653493,568.296016
1442,34.27736409127489,29.653493,568.296016
1443,34.25098729194535,29.653493,568.296016
1444,34.22464904157275,29.653493,568.296016
1445,34.1983492571814,29.653493,568.296016
1446,34.17208785603144,29.653493,568.296016
1447,34.14586475561807,29.653493,568.296016
1448,34.119679873670684,29.653493,568.296016
1449,34.09353312815205,29.653493,568.296016
1450,34.06742443725745,29.653493,568.296016
1451,34.041353719413934,29.653493,568.296016
1452,34.015320893279444,29.653493,568.296016
1453,33.98932587774209,29.653493,568.296016
1454,33.96336859191917,29.653493,568.296016
1455,33.93744895515654,29.653493,568.296016
1456,33.91156688702773,29.653493,568.296016
1457,33.88572230733318,29.653493,568.296016
1458,33.85991513609935,29.653493,568.296016
1459,33.834145293578075,29.653493,568.296016
1460,33.8084127002457,29.653493,568.296016
1461,33.782717276802245,29.653493,568.296016
1462,33.7570589441707,29.653493,568.296016
1463,33.73143762349626,29.653493,568.296016
1464,33.705853236145465,29.653493,568.296016
1465,33.680305703705464,29.653493,568.296016
1466,33.65479494798329,29.653493,568.296016
1467,33.62932089100506,29.653493,568.296016
1468,33.60388345501518,29.653493,568.296016
1469,33.578482562475656,29.653493,568.296016
1470,33.553118136065265,29.653493,568.296016
1471,33.52779009867885,29.653493,568.296016
1472,33.50249837342658,29.653493,568.296016
1473,33.477242883633146,29.653493,568.296016
1474,33.45202355283705,29.653493,568.296016
1475,33.42684030478989,29.653493,568.296016
1476,33.40169306345558,29.653493,568.296016
1477,33.37658175300962,29.653493,568.296016
1478,33.35150629783841,29.653493,568.296016
1479,33.32646662253848,29.653493,568.296016
1480,33.301462651915735,29.653493,568.296016
1481,33.276494310984816,29.653493,568.296016
1482,33.2515615249683,29.653493,568.296016
1483,33.226664219296055,29.653493,568.296016
1484,33.20180231960445,29.653493,568.296016
1485,33.176975751735675,29.653493,568.296016
1486,33.152184441737134,29.653493,568.296016
1487,33.127428315860534,29.653493,568.296016
1488,33.10270730056131,29.653493,568.296016
1489,33.078021322498046,29.653493,568.296016
1490,33.05337030853142,29.653493,568.296016
1491,33.02875418572395,29.653493,568.296016
1492,33.00417288133896,29.653493,568.296016
1493,32.97962632284006,29.653493,568.296016
1494,32.95511443789042,29.653493,568.296016
1495,32.930637154352105,29.653493,568.296016
1496,32.906194400285365,29.653493,568.296016
1497,32.88178610394796,29.653493,568.296016
1498,32.857412193794495,29.653493,568.296016
1499,32.83307259847586,29.653493,568.296016
1500,32.80876724683827,29.653493,568.296016
1501,32.78449606792295,29.653493,568.296016
1502,32.760258990965205,29.653493,568.296016
1503,32.73605594539395,29.653493,568.296016
1504,32.71188686083087,29.653493,568.296016
1505,32.68775166708993,29.653493,568.296016
1506,32.66365029417661,29.653493,568.296016
1507,32.63958267228732,29.653493,568.296016
1508,32.61554873180874,29.653493,568.296016
1509,32.59154840331714,29.653493,568.296016
1510,32.56758161757776,29.653493,568.296016
1511,32.54364830554423,29.653493,568.296016
1512,32.51974839835782,29.653493,568.296016
1513,32.49588182734688,29.653493,568.296016
1514,32.4720485240262,29.653493,568.296016
1515,32.448248420096405,29.653493,568.296016
1516,32.42448144744328,29.653493,568.296016
1517,32.40074753813709,29.653493,568.296016
1518,32.37704662443214,29.653493,568.296016
1519,32.35337863876599,29.653493,568.296016
1520,32.32974351375895,29.653493,568.296016
1521,32.30614118221337,29.653493,568.296016
1522,32.28257157711305,29.653493,568.296016
1523,32.25903463162274,29.653493,568.296016
1524,32.235530279087364,29.653493,568.296016
1525,32.21205845303153,29.653493,568.296016
1526,32.188619087158905,29.653493,568.296016
1527,32.165212115351615,29.653493,568.296016
1528,32.1418374716696,29.653493,568.296016
1529,32.118495090350144,29.653493,568.296016
1530,32.095184905807116,29.653493,568.296016
1531,32.0719068526305,29.653493,568.296016
1532,32.04866086558578,29.653493,568.296016
1533,32.02544687961335,29.653493,568.296016
1534,32.00226482982789,29.653493,568.296016
1535,31.97911465151789,29.653493,568.296016
1536,31.955996280144923,29.653493,568.296016
1537,31.932909651343234,29.653493,568.296016
1538,31.90985470091904,29.653493,568.296016
1539,31.886831364849996,29.653493,568.296016
1540,31.863839579284683,29.653493,568.296016
1541,31.84087928054194,29.653493,568.296016
1542,31.81795040511039,29.653493,568.296016
1543,31.795052889647827,29.653493,568.296016
1544,31.77218667098062,29.653493,568.296016
1545,31.74935168610334,29.653493,568.296016
1546,31.726547872177896,29.653493,568.296016
1547,31.70377516653325,29.653493,568.296016
1548,31.68103350666479,29.653493,568.296016
1549,31.658322830233733,29.653493,568.296016
1550,31.635643075066564,29.653493,568.296016
1551,31.61299417915457,29.653493,568.296016
1552,31.59037608065331,29.653493,568.296016
1553,31.567788717881946,29.653493,568.296016
1554,31.545232029322843,29.653493,568.296016
1555,31.522705953620896,29.653493,568.296016
1556,31.500210429583188,29.653493,568.296016
1557,31.477745396178253,29.653493,568.296016
1558,31.455310792535688,29.653493,568.296016
1559,31.43290655794551,29.653493,568.296016
1560,31.410532631857784,29.653493,568.296016
1561,31.388188953881947,29.653493,568.296016
1562,31.365875463786384,29.653493,568.296016
1563,31.343592101497837,29.653493,568.296016
1564,31.32133880710098,29.653493,568.296016
1565,31.299115520837802,29.653493,568.296016
1566,31.27692218310712,29.653493,568.296016
1567,31.254758734464165,29.653493,568.296016
1568,31.232625115619918,29.653493,568.296016
1569,31.210521267440722,29.653493,568.296016
1570,31.188447130947733,29.653493,568.296016
1571,31.166402647316414,29.653493,568.296016
1572,31.14438775787599,29.653493,568.296016
1573,31.122402404109067,29.653493,568.296016
1574,31.10044652765102,29.653493,568.296016
1575,31.07852007028953,29.653493,568.296016
1576,31.056622973964128,29.653493,568.296016
1577,31.034755180765682,29.653493,568.296016
1578,31.01291663293584,29.653493,568.296016
1579,30.99110727286669,29.653493,568.296016
1580,30.969327043100066,29.653493,568.296016
1581,30.947575886327325,29.653493,568.296016
1582,30.925853745388594,29.653493,568.296016
1583,30.904160563272505,29.653493,568.296016
1584,30.882496283115582,29.653493,568.296016
1585,30.86086084820182,29.653493,568.296016
1586,30.839254201962195,29.653493,568.296016
1587,30.81767628797423,29.653493,568.296016
1588,30.79612704996145,29.653493,568.296016
1589,30.774606431792947,29.653493,568.296016
1590,30.753114377482937,29.653493,568.296016
1591,30.731650831190294,29.653493,568.296016
1592,30.710215737218032,29.653493,568.296016
1593,30.688809040012895,29.653493,568.296016
1594,30.667430684164838,29.653493,568.296016
1595,30.646080614406674,29.653493,568.296016
1596,30.62475877561349,29.653493,568.296016
1597,30.603465112802283,29.653493,568.296016
1598,30.58219957113147,29.653493,568.296016
1599,30.560962095900436,29.653493,568.296016
1600,30.539752632549078,29.653493,568.296016
1601,30.5185711266574,29.653493,568.296016
1602,30.497417523944996,29.653493,568.296016
1603,30.47629177027068,29.653493,568.296016
1604,30.45519381163196,29.653493,568.296016
1605,30.434123594164674,29.653493,568.296016
1606,30.413081064142514,29.653493,568.296016
1607,30.39206616797658,29.653493,568.296016
1608,30.37107885221495,29.653493,568.296016
1609,30.350119063542277,29.653493,568.296016
1610,30.329186748779296,29.653493,568.296016
1611,30.308281854882416,29.653493,568.296016
1612,30.287404328943346,29.653493,568.296016
1613,30.26655411818855,29.653493,568.296016
1614,30.245731169978985,29.653493,568.296016
1615,30.22493543180947,29.653493,568.296016
1616,30.20416685130843,29.653493,568.296016
1617,30.183425376237405,29.653493,568.296016
1618,30.162710954490667,29.653493,568.296016
1619,30.14202353409471,29.653493,568.296016
1620,30.12136306320796,29.653493,568.296016
1621,30.100729490120248,29.653493,568.296016
1622,30.080122763252497,29.653493,568.296016
1623,30.059542831156175,29.653493,568.296016
1624,30.03898964251307,29.653493,568.296016
1625,30.01846314613469,29.653493,568.296016
1626,29.997963290961955,29.653493,568.296016
1627,29.977490026064814,29.653493,568.296016
1628,29.95704330064178,29.653493,568.296016
1629,29.936623064019535,29.653493,568.296016
1630,29.916229265652557,29.653493,568.296016
1631,29.895861855122714,29.653493,568.296016
1632,29.87552078213883,29.653493,568.296016
1633,29.855205996536327,29.653493,568.296016
1634,29.83491744827682,29.653493,568.296016
1635,29.814655087447722,29.653493,568.296016
1636,29.794418864261825,29.653493,568.296016
1637,29.77420872905695,29.653493,568.296016
1638,29.754024632295522,29.653493,568.296016
1639,29.73386652456422,29.653493,568.296016
1640,29.713734356573557,29.653493,568.296016
1641,29.693628079157495,29.653493,568.296016
1642,29.673547643273054,29.653493,568.296016
1643,29.653493000000005,29.653493,29.653493
