rank,points,timestamp_utc,source,account
1,27484.72,2026-09-19T03:00:00Z,leaderboard_snapshots.csv,unknown
2,23389.418,2026-09-19T03:00:00Z,leaderboard_snapshots.csv,unknown
3,19469.193,2026-09-19T03:00:00Z,leaderboard_snapshots.csv,unknown
4,10786.947,2026-09-19T03:00:00Z,leaderboard_snapshots.csv,unknown
5,7330.0737,2026-09-19T03:00:00Z,leaderboard_snapshots.csv,unknown
6,4880.5576,2026-09-19T03:00:00Z,leaderboard_snapshots.csv,unknown
7,4792.186,2026-09-19T03:00:00Z,leaderboard_snapshots.csv,unknown
8,4188.4844,2026-09-19T03:00:00Z,leaderboard_snapshots.csv,unknown
9,3915.6533,2026-09-19T03:00:00Z,leaderboard_snapshots.csv,unknown
10,3751.7253,2026-09-19T03:00:00Z,leaderboard_snapshots.csv,unknown
29,1967.074763,2026-09-19T03:03:00Z,points_snapshots.csv,A3
115,568.296016,2026-09-19T02:35:00Z,points_snapshots.csv,A1
1643,29.653493,2026-09-19T02:42:00Z,points_snapshots.csv,A2
