account,week_start,week_end,paid_time,volume_m,oi_m_week,volume_stock_m,oi_stock_m_week,drop_model,export_covers_end
A1,2026-08-07 15:00:00+00:00,2026-08-14 15:00:00+00:00,2026-08-14 15:30:00+00:00,0.0,0.0,0.0,0.0,0.0,True
A1,2026-08-14 15:00:00+00:00,2026-08-21 15:00:00+00:00,2026-08-21 15:30:00+00:00,0.0,0.0,0.0,0.0,0.0,True
A1,2026-08-21 15:00:00+00:00,2026-08-28 15:00:00+00:00,2026-08-28 15:30:00+00:00,0.0,0.0,0.0,0.0,0.0,True
A1,2026-08-28 15:00:00+00:00,2026-09-04 15:00:00+00:00,2026-09-04 15:30:00+00:00,0.9942753823780001,0.1987732158045574,0.300144388409,0.0706477718547481,40.6631786533678,True
A1,2026-09-04 15:00:00+00:00,2026-09-11 15:00:00+00:00,2026-09-11 15:30:00+00:00,1.6147777120340001,2.139621589837711,1.601777703034,1.4354482210962671,87.42307178992246,True
A1,2026-09-11 15:00:00+00:00,2026-09-18 15:00:00+00:00,2026-09-18 15:30:00+00:00,4.0112672628790005,4.060421659429483,3.001284978076,3.4131318205877563,202.4012704944687,True
A1,2026-09-18 15:00:00+00:00,2026-09-25 15:00:00+00:00,2026-09-25 15:30:00+00:00,2.044570905874,5.156174806670503,1.3970437127789999,3.8524690503994963,139.49283690966485,True
A1,2026-09-25 15:00:00+00:00,2026-10-02 15:00:00+00:00,2026-10-02 15:30:00+00:00,0.07555736076899999,6.006742026194879,0.0,4.406025198999833,73.60934505867566,False
A2,2026-08-07 15:00:00+00:00,2026-08-14 15:00:00+00:00,2026-08-14 15:30:00+00:00,0.0,0.0,0.0,0.0,0.0,True
A2,2026-08-14 15:00:00+00:00,2026-08-21 15:00:00+00:00,2026-08-21 15:30:00+00:00,0.0,0.0,0.0,0.0,0.0,True
A2,2026-08-21 15:00:00+00:00,2026-08-28 15:00:00+00:00,2026-08-28 15:30:00+00:00,0.0,0.0,0.0,0.0,0.0,True
A2,2026-08-28 15:00:00+00:00,2026-09-04 15:00:00+00:00,2026-09-04 15:30:00+00:00,0.19996252507499998,0.0005724881861873617,0.099931076192,0.00030536692861028605,7.714162767074434,True
A2,2026-09-04 15:00:00+00:00,2026-09-11 15:00:00+00:00,2026-09-11 15:30:00+00:00,0.06302309001199999,0.20290385324328428,0.0,0.09982499954656893,4.817283866170032,True
A2,2026-09-11 15:00:00+00:00,2026-09-18 15:00:00+00:00,2026-09-18 15:30:00+00:00,0.315293463899,0.23546489887261218,0.0,0.09875961796872172,14.924111447572757,True
A2,2026-09-18 15:00:00+00:00,2026-09-25 15:00:00+00:00,2026-09-25 15:30:00+00:00,0.32889560278300006,0.2470759152576401,0.0,0.10075381855955384,15.585054181169005,True
A2,2026-09-25 15:00:00+00:00,2026-10-02 15:00:00+00:00,2026-10-02 15:30:00+00:00,0.0,0.2585684546474033,0.0,0.10185382156399997,3.0432509441597397,False
A3,2026-08-07 15:00:00+00:00,2026-08-14 15:00:00+00:00,2026-08-14 15:30:00+00:00,0.0,0.0,0.0,0.0,0.0,True
A3,2026-08-14 15:00:00+00:00,2026-08-21 15:00:00+00:00,2026-08-21 15:30:00+00:00,0.0,0.0,0.0,0.0,0.0,True
A3,2026-08-21 15:00:00+00:00,2026-08-28 15:00:00+00:00,2026-08-28 15:30:00+00:00,0.0,0.0,0.0,0.0,0.0,True
A3,2026-08-28 15:00:00+00:00,2026-09-04 15:00:00+00:00,2026-09-04 15:30:00+00:00,4.648677225035001,0.24990607074096444,1.6282544123740001,0.034652600951989555,182.12152255925002,True
A3,2026-09-04 15:00:00+00:00,2026-09-11 15:00:00+00:00,2026-09-11 15:30:00+00:00,6.6959648529399995,10.829942954627853,3.9782192849479996,5.385877134561451,385.55583762869776,True
A3,2026-09-11 15:00:00+00:00,2026-09-18 15:00:00+00:00,2026-09-18 15:30:00+00:00,17.064111394063,20.38032986117605,9.970801435903002,9.073591268093264,897.5936367349601,True
A3,2026-09-18 15:00:00+00:00,2026-09-25 15:00:00+00:00,2026-09-25 15:30:00+00:00,6.145950810453,31.83341344407146,0.207033422142,15.941074306684886,611.5586495383159,True
A3,2026-09-25 15:00:00+00:00,2026-10-02 15:00:00+00:00,2026-10-02 15:30:00+00:00,1.267660550368,36.144932296676146,0.0,16.23765305696826,474.2730540044716,False
