account,start,end,hours,delta_points,export_covers_end,volume_m,fee_usd,fills,oi_m_week,oi_stock_m_week,volume_stock_m,a3_oi_m_week,a3_volume_m,naive_live_rate,live_model,credit_model,drop_model,a3_referral_model,a3_export_covers_referral_end,unexplained_or_other_referral
A1,2026-09-18 14:12:00+00:00,2026-09-18 14:31:00+00:00,0.31666666666666665,0.040174999999976535,True,0.0,0.0,0,0.009798617916885154,0.007746656839380416,0.0,0.05305263759623048,0.0,4.100068023955323,0.05389239854286834,0.0,0.0,0.029178950677926765,True,-0.04289634922081857
A1,2026-09-18 14:31:00+00:00,2026-09-18 15:32:00+00:00,1.0166666666666666,308.458178,True,0.0,0.0,0,0.03145872068052716,0.024870845642222653,0.0,0.17032688912474536,0.0,9805.17234418037,0.17302296374289938,0.0,202.4012704944687,89.85304346251462,True,16.030841079273785
A1,2026-09-18 15:32:00+00:00,2026-09-18 19:11:00+00:00,3.65,0.9360400000000482,True,0.0,0.0,0,0.11294196441041675,0.08929041304338889,0.0,0.6115014543986713,0.0,8.28779634643681,0.6211808042572922,0.0,0.0,0.33632579991926925,True,-0.02146660417651325
A1,2026-09-18 19:11:00+00:00,2026-09-19 02:35:00+00:00,7.4,1.9057540000000017,True,0.0,0.0,0,0.2289782292156391,0.1810271387728979,0.0,1.2397563733014174,0.0,8.322861114474195,1.259380260686015,0.0,0.0,0.6818660053157797,True,-0.035492266001792894
A1,2026-09-19 02:35:00+00:00,2026-09-27 15:00:00+00:00,204.41666666666666,257.031795,True,2.120128266643,593.8488,4387,6.503521783082072,4.82796884016195,1.3970437127789999,40.29299110391602,7.413611360820999,39.52193958489219,35.769369806951396,9.700180752453491,139.49283690966485,86.70894494340993,False,-14.639537412479683
A1,2026-09-27 15:00:00+00:00,2026-09-28 13:00:00+00:00,22.0,6.649492000000009,False,0.0,0.0,0,0.7885115187983518,0.5769794903452151,0.0,4.719869916381235,0.0,8.432967485539677,4.3368133533909345,0.0,0.0,2.5959284540096794,False,-0.2832498074006047
A2,2026-09-18 14:12:00+00:00,2026-09-18 14:31:00+00:00,0.31666666666666665,0.001184000000000296,True,0.0,0.0,0,0.00039353438776315835,0.0001869522848311051,0.0,0.05305263759623048,0.0,3.008631613440768,0.002164439132697371,0.0,0.0,0.0,True,-0.0009804391326970752
A2,2026-09-18 14:31:00+00:00,2026-09-18 15:33:00+00:00,1.0333333333333334,15.796295,True,0.0,0.0,0,0.0012841648442797776,0.0006100548241856994,0.0,0.17311913320875782,0.0,12300.831213658816,0.007062906643538777,0.0,14.924111447572757,0.0,True,0.8651206457837048
A2,2026-09-18 15:33:00+00:00,2026-09-18 19:11:00+00:00,3.6333333333333333,0.09806000000000026,True,0.015000038072,1.7999999999999998,15,0.004787883487411272,0.0021450314785884297,0.0,0.6087092103146589,0.0,20.480865972997947,0.026333359180761993,0.06862937628885671,0.0,0.0,True,0.0030972645303815605
A2,2026-09-18 19:11:00+00:00,2026-09-19 02:42:00+00:00,7.516666666666667,0.06157400000000024,True,0.0,0.0,0,0.010017087668523888,0.004437934443699267,0.0,1.2599118125827493,0.0,6.146896387208494,0.055093982176881384,0.0,0.0,0.0,True,0.0064800178231188554
A2,2026-09-19 02:42:00+00:00,2026-09-27 15:00:00+00:00,204.3,17.871098,True,0.31389556471100005,42.0631,166,0.3054641383349984,0.12294723791272491,0.0,40.2728356646347,7.413611360820999,58.50473347676907,1.6800527608424913,1.436160143231028,15.585054181169005,0.0,True,-0.8301690852425256
A2,2026-09-27 15:00:00+00:00,2026-09-28 13:00:00+00:00,22.0,0.1862470000000016,False,0.0,0.0,0,0.033860154775255204,0.013338000442904771,0.0,4.719869916381235,0.0,5.500476924461958,0.18623085126390362,0.0,0.0,0.0,True,1.614873609798173e-05
A3,2026-09-19 03:03:00+00:00,2026-09-19 03:59:00+00:00,0.9333333333333333,0.805112999999892,True,0.0,0.0,0,0.16120335600278823,0.08706495737657498,0.0,0.16120335600278823,0.0,4.9943935409506395,0.8866184580153353,0.0,0.0,0.0,True,-0.08150545801544329
A3,2026-09-19 03:59:00+00:00,2026-09-26 10:40:00+00:00,174.68333333333334,829.2290980000002,True,6.778124408248,2186.1189,84705,33.9379247639053,16.634952798120203,0.207033422142,33.9379247639053,6.778124408248,24.433700757151993,186.65858620147915,31.01181799096011,611.5586495383159,0.0,True,4.426924510880781e-05
A3,2026-09-26 10:40:00+00:00,2026-09-28 03:42:00+00:00,41.03333333333333,46.46559099999968,False,0.635486952573,200.13400000000001,24910,8.837908465227454,3.9659823240333196,0.0,8.837908465227454,0.635486952573,5.257532501362451,48.60849655875099,2.907530833285158,0.0,0.0,True,-5.050436392036474
