timestamp_utc,rank,points,note
2026-09-19T03:00:00Z,1,27484.72,top-10 screenshot (desktop) approx 03:00Z
2026-09-19T03:00:00Z,2,23389.418,
2026-09-19T03:00:00Z,3,19469.193,
2026-09-19T03:00:00Z,4,10786.947,
2026-09-19T03:00:00Z,5,7330.0737,
2026-09-19T03:00:00Z,6,4880.5576,
2026-09-19T03:00:00Z,7,4792.186,
2026-09-19T03:00:00Z,8,4188.4844,
2026-09-19T03:00:00Z,9,3915.6533,
2026-09-19T03:00:00Z,10,3751.7253,
2026-09-19T03:03:00Z,1,27486.727,mobile screenshot
2026-09-19T03:03:00Z,2,23392.79,
2026-09-19T03:03:00Z,3,19470.104,
2026-09-19T03:03:00Z,4,10787.109,
2026-09-19T03:59:00Z,1,27491.441,mobile screenshot
2026-09-19T03:59:00Z,2,23403.016,
2026-09-19T03:59:00Z,3,19471.912,
2026-09-19T03:59:00Z,4,10787.378,
2026-09-28T03:42:00Z,1,32571.023,
2026-09-28T03:42:00Z,2,31162.576,
